customerID,gender,SeniorCitizen,Partner,Dependents,tenure,Contract,InternetService,PaymentMethod,MonthlyCharges,TotalCharges,NumComplaints,ActivityScore,Churn
CUST204241,1.0,0,0.0,1.0,23,0.0,2.0,2.0,25.0,574.03,0,69.6,0
CUST299676,1.0,0,0.0,0.0,6,0.0,2.0,2.0,27.45,153.44,0,48.2,0
CUST240199,1.0,1,0.0,1.0,22,0.0,1.0,3.0,70.56,1563.44,0,64.5,0
CUST232814,1.0,0,0.0,0.0,19,1.0,1.0,2.0,52.79,1000.48,0,64.5,1
CUST508697,1.0,0,1.0,1.0,59,2.0,1.0,1.0,47.87,2822.23,0,37.3,0
CUST263280,1.0,1,1.0,0.0,8,0.0,1.0,2.0,70.91,574.72,0,71.7,0
CUST315758,1.0,0,0.0,0.0,63,1.0,1.0,0.0,50.21,3153.61,0,53.7,0
CUST542316,1.0,0,0.0,0.0,30,0.0,0.0,2.0,34.31,1032.12,2,80.6,0
CUST106940,0.0,0,0.0,1.0,39,0.0,2.0,3.0,24.47,933.3,1,54.5,0
CUST482310,1.0,0,0.0,0.0,40,0.0,1.0,0.0,54.63,2169.21,0,79.3,0
CUST572236,0.0,0,0.0,0.0,50,1.0,1.0,2.0,49.81,2503.45,1,33.8,0
CUST409086,1.0,1,0.0,1.0,69,1.0,1.0,1.0,67.22,4651.81,0,27.6,0
CUST330672,0.0,1,1.0,0.0,21,0.0,1.0,1.0,70.07,1464.21,0,58.2,0
CUST309236,1.0,0,0.0,0.0,59,0.0,2.0,0.0,27.06,1586.01,2,46.1,0
CUST202953,0.0,1,1.0,0.0,4,0.0,2.0,0.0,41.65,161.94,0,78.7,0
CUST519699,0.0,0,1.0,0.0,61,0.0,0.0,0.0,34.67,2123.6,1,44.1,0
CUST181780,0.0,0,1.0,0.0,58,1.0,1.0,2.0,51.14,2967.74,0,52.4,0
CUST374641,0.0,0,0.0,0.0,10,2.0,1.0,1.0,51.53,515.28,0,55.8,0
CUST233794,1.0,0,1.0,0.0,23,1.0,1.0,0.0,50.29,1148.55,1,81.1,0
CUST330532,0.0,0,0.0,0.0,31,0.0,1.0,3.0,56.52,1766.3,0,76.2,0
CUST405856,1.0,0,1.0,0.0,9,1.0,1.0,2.0,52.43,474.76,0,58.2,0
CUST294411,0.0,0,1.0,0.0,60,0.0,1.0,2.0,55.86,3359.4,0,10.5,1
CUST273647,0.0,0,1.0,1.0,64,0.0,1.0,2.0,57.3,3631.14,0,45.8,0
CUST176146,1.0,0,1.0,0.0,63,0.0,1.0,2.0,56.84,3592.0,0,73.0,0
CUST552804,1.0,0,0.0,0.0,64,0.0,1.0,0.0,55.91,3587.9,0,72.5,0
CUST219495,0.0,0,1.0,0.0,9,0.0,1.0,2.0,53.61,490.97,0,57.4,0
CUST103749,0.0,0,0.0,0.0,18,1.0,1.0,1.0,50.46,901.61,0,56.0,0
CUST258067,1.0,0,0.0,0.0,55,0.0,1.0,3.0,57.14,3134.16,1,66.9,0
CUST523413,0.0,0,1.0,0.0,41,0.0,0.0,1.0,35.26,1454.12,0,52.4,0
CUST355715,0.0,0,1.0,0.0,31,1.0,0.0,1.0,31.1,957.4,0,73.7,0
CUST181047,0.0,0,0.0,0.0,30,0.0,0.0,0.0,34.57,1035.86,1,99.1,0
CUST359441,0.0,0,1.0,0.0,63,0.0,1.0,2.0,55.07,3469.77,1,39.3,0
CUST326642,1.0,0,0.0,1.0,43,2.0,1.0,0.0,50.8,2184.07,1,57.5,0
CUST180408,0.0,0,0.0,1.0,44,0.0,2.0,2.0,25.67,1130.94,0,46.6,0
CUST279265,0.0,0,0.0,0.0,12,0.0,1.0,0.0,56.19,674.47,0,64.3,0
CUST529381,1.0,0,0.0,1.0,52,2.0,0.0,2.0,31.24,1612.8,0,61.8,0
CUST543375,0.0,0,1.0,0.0,55,0.0,1.0,3.0,56.39,3108.46,1,52.8,0
CUST236652,1.0,0,1.0,0.0,51,0.0,1.0,2.0,59.81,3043.73,0,56.7,0
CUST547625,1.0,0,0.0,0.0,35,0.0,0.0,1.0,36.39,1273.86,0,76.6,0
CUST363901,1.0,0,1.0,0.0,14,0.0,1.0,1.0,55.55,779.24,0,73.6,0
CUST440119,1.0,1,1.0,0.0,25,0.0,2.0,1.0,39.19,995.46,0,81.4,0
CUST143171,0.0,0,0.0,0.0,47,0.0,0.0,0.0,36.69,1704.18,0,65.9,0
CUST346411,1.0,0,0.0,0.0,34,0.0,1.0,2.0,54.61,1842.61,0,74.4,0
CUST414881,1.0,0,0.0,0.0,19,1.0,2.0,2.0,20.68,406.89,0,73.4,0
CUST402087,1.0,0,0.0,0.0,25,0.0,1.0,0.0,54.22,1351.23,0,52.6,0
CUST286082,0.0,0,1.0,0.0,72,0.0,1.0,2.0,58.83,4215.77,1,54.6,0
CUST248766,1.0,0,1.0,1.0,11,0.0,0.0,3.0,36.53,407.1,0,58.1,0
CUST419415,0.0,0,0.0,1.0,2,1.0,0.0,3.0,30.37,67.31,0,84.8,0
CUST186172,0.0,0,1.0,0.0,21,1.0,0.0,1.0,30.23,639.66,0,62.4,0
CUST233647,1.0,0,1.0,0.0,8,1.0,1.0,1.0,49.33,389.44,0,67.1,0
CUST359270,1.0,0,1.0,0.0,39,0.0,1.0,0.0,57.23,2255.33,0,62.4,1
CUST332595,1.0,0,0.0,0.0,55,1.0,0.0,3.0,32.77,1805.0,0,54.6,0
CUST314739,0.0,1,1.0,1.0,2,1.0,0.0,3.0,47.8,104.85,0,72.7,0
CUST497924,1.0,0,0.0,0.0,12,0.0,0.0,1.0,36.24,444.57,0,55.7,0
CUST199406,1.0,0,1.0,0.0,48,1.0,0.0,0.0,28.43,1380.41,0,80.8,0
CUST330883,1.0,1,0.0,1.0,28,0.0,0.0,2.0,51.36,1439.39,0,51.6,0
CUST361173,0.0,1,0.0,0.0,72,1.0,0.0,3.0,48.34,3482.57,0,57.3,0
CUST579491,1.0,0,0.0,0.0,20,0.0,2.0,1.0,28.27,570.78,0,63.3,0
CUST562671,1.0,0,1.0,0.0,58,0.0,1.0,1.0,54.25,3154.93,0,38.7,0
CUST324948,0.0,0,0.0,0.0,37,0.0,1.0,3.0,55.36,2039.82,0,76.3,0
CUST521373,1.0,0,0.0,0.0,53,0.0,2.0,2.0,27.73,1456.53,0,73.3,0
CUST478074,0.0,0,0.0,0.0,13,0.0,0.0,0.0,35.58,463.31,0,100.0,0
CUST384120,1.0,0,0.0,1.0,21,0.0,2.0,3.0,25.13,532.96,0,85.1,0
CUST207865,1.0,0,1.0,1.0,20,0.0,1.0,2.0,56.07,1110.97,1,69.6,0
CUST237412,0.0,0,0.0,0.0,55,0.0,2.0,3.0,26.68,1480.59,2,54.1,0
CUST200203,0.0,0,1.0,1.0,68,1.0,0.0,2.0,30.19,2072.95,1,65.1,0
CUST385814,1.0,0,1.0,0.0,21,1.0,2.0,1.0,21.26,440.6,0,43.3,0
CUST268011,0.0,1,0.0,0.0,17,1.0,1.0,2.0,64.18,1082.93,0,62.6,0
CUST259580,0.0,0,1.0,0.0,63,1.0,2.0,0.0,21.52,1339.58,0,74.9,0
CUST590935,0.0,0,1.0,0.0,25,0.0,2.0,3.0,26.5,658.46,0,56.5,0
CUST159416,0.0,0,0.0,1.0,4,2.0,2.0,0.0,18.56,72.92,0,67.8,0
CUST351203,1.0,0,1.0,0.0,59,0.0,2.0,2.0,26.09,1529.18,1,38.1,0
CUST583960,1.0,0,1.0,0.0,72,0.0,2.0,2.0,26.22,1877.4,0,44.4,0
CUST228700,1.0,1,1.0,0.0,12,0.0,0.0,0.0,50.22,597.5,0,44.6,0
CUST525410,0.0,1,1.0,0.0,37,0.0,2.0,0.0,42.9,1586.07,1,64.5,0
CUST392870,0.0,0,0.0,0.0,30,2.0,1.0,1.0,53.12,1598.85,1,74.4,0
CUST124187,1.0,0,1.0,1.0,7,2.0,1.0,3.0,52.32,368.02,0,65.9,0
CUST414265,0.0,0,0.0,0.0,50,1.0,1.0,1.0,52.05,2589.64,0,55.3,0
CUST332498,0.0,0,1.0,0.0,60,0.0,0.0,3.0,35.02,2105.99,0,11.2,0
CUST551682,1.0,0,0.0,0.0,38,1.0,0.0,3.0,30.68,1161.78,0,54.4,0
CUST391519,1.0,0,0.0,0.0,14,1.0,1.0,0.0,51.0,706.4,0,38.1,0
CUST120765,0.0,0,0.0,0.0,18,0.0,2.0,2.0,25.64,460.47,0,71.5,0
CUST209209,0.0,1,1.0,0.0,36,0.0,0.0,2.0,54.65,1958.71,2,38.5,0
CUST379505,0.0,0,0.0,0.0,20,0.0,1.0,1.0,61.17,1223.39,2,64.0,0
CUST517936,0.0,0,0.0,0.0,59,0.0,1.0,0.0,56.35,3337.81,1,36.0,0
CUST152933,1.0,0,1.0,0.0,52,0.0,1.0,0.0,55.32,2888.25,0,55.4,1
CUST333366,0.0,1,0.0,0.0,60,1.0,1.0,1.0,67.4,4034.71,0,54.7,0
CUST105969,0.0,0,1.0,0.0,0,0.0,0.0,0.0,38.52,14.03,0,69.7,0
CUST306187,0.0,0,0.0,0.0,51,0.0,0.0,2.0,35.0,1801.1,0,49.8,0
CUST272887,0.0,0,1.0,0.0,26,2.0,0.0,1.0,30.56,803.79,0,66.1,0
CUST493804,0.0,0,1.0,0.0,67,0.0,2.0,0.0,26.33,1753.83,0,51.7,0
CUST478513,0.0,1,1.0,0.0,71,0.0,1.0,3.0,70.03,4970.11,0,47.1,0
CUST138384,0.0,1,1.0,0.0,3,0.0,0.0,2.0,51.73,162.99,0,100.0,0
CUST227576,1.0,0,0.0,1.0,59,2.0,1.0,3.0,49.89,2966.19,0,87.6,0
CUST528202,1.0,0,1.0,0.0,2,0.0,0.0,0.0,36.56,63.31,0,61.2,0
CUST118636,0.0,0,0.0,0.0,21,0.0,2.0,2.0,26.84,570.73,0,58.9,0
CUST397827,1.0,0,0.0,0.0,71,1.0,0.0,3.0,30.68,2174.87,1,1.0,0
CUST304336,1.0,0,0.0,0.0,46,0.0,1.0,2.0,55.99,2580.94,0,59.5,0
CUST434901,0.0,1,0.0,0.0,8,0.0,1.0,2.0,69.3,558.3,0,82.2,0
CUST296564,0.0,0,0.0,0.0,20,2.0,0.0,1.0,30.43,610.25,1,85.5,0
CUST308705,1.0,0,0.0,0.0,1,0.0,0.0,0.0,34.42,24.23,0,75.7,0
CUST509742,0.0,0,0.0,0.0,6,2.0,1.0,3.0,53.6,326.07,2,53.6,0
CUST235578,1.0,0,0.0,0.0,4,1.0,1.0,1.0,51.98,195.12,0,100.0,0
CUST313420,0.0,0,0.0,0.0,48,2.0,1.0,2.0,51.59,2484.63,0,63.9,0
CUST471802,1.0,0,0.0,1.0,32,1.0,1.0,3.0,51.55,1666.57,0,60.1,0
CUST157331,1.0,0,0.0,0.0,20,0.0,0.0,3.0,35.65,712.68,0,56.5,0
CUST553046,0.0,0,1.0,0.0,55,0.0,1.0,1.0,54.84,3004.81,0,60.4,0
CUST538354,1.0,0,0.0,1.0,58,0.0,0.0,2.0,36.13,2076.25,1,73.1,0
CUST117719,1.0,1,1.0,0.0,61,0.0,2.0,3.0,40.79,2506.46,0,44.4,0
CUST173914,1.0,0,1.0,1.0,0,0.0,1.0,2.0,57.41,0.0,0,71.1,0
CUST424343,1.0,0,1.0,0.0,32,0.0,2.0,2.0,27.13,869.04,0,76.6,0
CUST218932,0.0,0,1.0,0.0,11,0.0,1.0,2.0,57.33,624.89,0,70.5,0
CUST533004,1.0,0,0.0,0.0,24,0.0,0.0,1.0,36.51,886.24,0,49.6,0
CUST566757,1.0,0,1.0,0.0,64,1.0,1.0,3.0,50.3,3212.35,1,57.7,0
CUST406895,0.0,0,0.0,0.0,65,0.0,1.0,0.0,54.97,3570.05,2,47.6,0
CUST386329,0.0,0,0.0,1.0,43,2.0,1.0,2.0,49.19,2117.88,0,97.4,0
CUST134472,1.0,1,0.0,0.0,53,0.0,1.0,1.0,71.29,3769.84,0,57.4,0
CUST418161,1.0,0,1.0,1.0,57,2.0,0.0,0.0,30.19,1720.61,0,40.1,0
CUST274546,0.0,0,0.0,0.0,60,2.0,1.0,3.0,50.87,3061.46,0,58.0,0
CUST235080,0.0,1,0.0,0.0,30,1.0,0.0,0.0,49.57,1466.42,0,55.3,0
CUST533437,0.0,0,1.0,1.0,19,1.0,2.0,1.0,23.38,462.48,0,80.5,0
CUST182605,0.0,0,0.0,0.0,57,1.0,1.0,1.0,51.09,2910.62,0,61.3,0
CUST489670,0.0,0,0.0,1.0,27,0.0,0.0,0.0,33.95,919.54,0,66.1,0
CUST532422,1.0,0,0.0,0.0,18,1.0,2.0,2.0,23.53,438.75,0,79.1,0
CUST294800,1.0,0,1.0,0.0,32,2.0,0.0,3.0,28.61,920.34,0,69.8,0
CUST308452,0.0,0,0.0,0.0,6,2.0,0.0,3.0,28.97,162.24,1,69.3,0
CUST374368,1.0,0,0.0,0.0,21,0.0,0.0,0.0,36.08,753.12,0,51.0,0
CUST567215,0.0,0,0.0,0.0,64,0.0,0.0,3.0,36.71,2348.17,0,51.3,0
CUST213809,0.0,1,0.0,0.0,5,0.0,0.0,0.0,50.92,268.22,2,50.5,1
CUST436380,1.0,0,1.0,0.0,46,2.0,1.0,0.0,51.55,2351.91,1,46.6,0
CUST313764,0.0,0,1.0,0.0,40,0.0,1.0,2.0,56.17,2248.79,1,49.5,0
CUST116485,0.0,0,0.0,1.0,63,0.0,2.0,2.0,24.48,1537.32,0,76.6,0
CUST244634,1.0,0,0.0,1.0,16,0.0,2.0,2.0,25.03,388.77,0,78.4,0
CUST265515,1.0,1,0.0,0.0,50,0.0,1.0,0.0,70.69,3528.76,0,82.3,0
CUST506002,0.0,0,0.0,0.0,27,1.0,0.0,2.0,30.13,797.97,1,79.1,0
CUST360629,0.0,0,0.0,0.0,14,0.0,1.0,3.0,55.83,782.74,0,36.5,0
CUST340690,0.0,0,1.0,1.0,40,0.0,0.0,3.0,37.06,1486.79,0,92.3,0
CUST368175,1.0,0,1.0,0.0,22,0.0,2.0,2.0,25.81,554.29,0,50.4,0
CUST262556,0.0,0,0.0,0.0,41,0.0,1.0,1.0,56.33,2335.09,0,60.0,0
CUST217375,0.0,0,0.0,1.0,0,0.0,1.0,1.0,57.03,0.0,1,86.6,0
CUST228648,1.0,0,0.0,0.0,63,0.0,0.0,2.0,34.42,2172.5,0,53.2,0
CUST596937,1.0,0,1.0,0.0,35,1.0,1.0,2.0,53.26,1868.74,0,51.0,0
CUST233705,0.0,0,1.0,0.0,52,1.0,2.0,3.0,22.68,1175.68,0,38.4,0
CUST432365,1.0,0,0.0,0.0,8,0.0,1.0,2.0,54.95,444.2,0,78.8,1
CUST236953,1.0,0,0.0,0.0,57,1.0,1.0,2.0,52.81,3022.23,0,89.7,0
CUST279039,1.0,0,0.0,0.0,30,0.0,1.0,0.0,55.57,1669.06,0,61.0,0
CUST460605,1.0,0,1.0,0.0,66,2.0,0.0,2.0,31.98,2118.3,0,39.6,0
CUST187090,1.0,0,0.0,0.0,54,1.0,1.0,1.0,51.46,2789.74,0,74.9,0
CUST434753,0.0,0,0.0,0.0,3,0.0,1.0,3.0,56.37,159.5,0,63.1,0
CUST519796,1.0,0,0.0,1.0,52,0.0,0.0,1.0,37.16,1942.37,0,73.5,0
CUST172866,1.0,1,0.0,0.0,62,1.0,0.0,2.0,48.06,2972.19,1,50.2,0
CUST202398,1.0,0,1.0,0.0,2,0.0,0.0,1.0,36.56,85.14,1,80.2,0
CUST422450,1.0,0,0.0,0.0,14,0.0,1.0,3.0,56.98,803.24,0,59.7,0
CUST362573,0.0,0,0.0,0.0,19,0.0,0.0,1.0,33.64,645.5,0,68.9,0
CUST262328,0.0,0,1.0,0.0,56,1.0,1.0,0.0,51.47,2879.34,0,47.2,0
CUST324653,0.0,0,0.0,0.0,3,2.0,2.0,2.0,20.9,52.56,0,72.5,0
CUST305552,0.0,0,0.0,0.0,56,0.0,0.0,3.0,38.49,2171.46,0,70.0,0
CUST488153,0.0,0,1.0,1.0,14,0.0,1.0,2.0,56.37,800.13,0,54.5,0
CUST558570,0.0,0,1.0,0.0,34,2.0,1.0,2.0,49.13,1671.53,0,73.9,0
CUST475362,1.0,0,1.0,1.0,19,1.0,2.0,2.0,22.14,424.62,0,68.7,0
CUST335478,0.0,0,1.0,1.0,44,0.0,0.0,1.0,36.09,1592.33,1,45.4,0
CUST449147,1.0,1,0.0,0.0,13,1.0,1.0,2.0,68.17,876.73,0,42.9,0
CUST348071,1.0,0,0.0,0.0,35,1.0,0.0,0.0,31.9,1117.02,0,64.1,0
CUST557195,1.0,0,0.0,0.0,3,2.0,1.0,2.0,53.29,171.32,0,43.8,1
CUST564561,1.0,0,0.0,0.0,66,0.0,0.0,0.0,36.85,2427.61,1,33.6,0
CUST557670,1.0,0,0.0,0.0,35,0.0,1.0,3.0,59.24,2066.33,0,51.4,0
CUST551859,1.0,0,1.0,0.0,60,0.0,2.0,2.0,26.33,1572.7,0,44.8,0
CUST187923,0.0,0,0.0,0.0,53,0.0,2.0,0.0,25.14,1337.55,1,63.7,0
CUST509503,0.0,0,1.0,0.0,51,0.0,1.0,1.0,56.68,2889.43,0,58.0,0
CUST448969,0.0,0,1.0,0.0,61,0.0,1.0,3.0,55.24,3376.83,0,49.1,0
CUST220950,0.0,0,1.0,0.0,19,2.0,2.0,1.0,23.7,460.2,0,80.7,0
CUST360203,0.0,0,1.0,0.0,72,0.0,1.0,2.0,56.5,4084.61,0,72.6,0
CUST104088,1.0,0,0.0,1.0,52,1.0,1.0,3.0,50.25,2623.36,0,57.0,0
CUST442984,1.0,0,1.0,0.0,8,1.0,1.0,3.0,51.74,421.63,1,70.3,0
CUST352229,0.0,0,1.0,0.0,39,1.0,2.0,1.0,21.52,823.16,0,80.1,0
CUST111986,0.0,0,1.0,0.0,44,1.0,1.0,1.0,49.06,2163.73,0,48.8,0
CUST564896,0.0,0,0.0,1.0,31,0.0,1.0,2.0,54.61,1673.72,0,76.4,0
CUST576520,0.0,0,0.0,1.0,60,1.0,1.0,0.0,52.86,3173.54,1,56.2,0
CUST179248,0.0,0,0.0,0.0,22,0.0,1.0,2.0,54.44,1195.15,0,45.1,0
CUST256299,0.0,0,1.0,0.0,12,0.0,0.0,0.0,36.43,457.42,0,60.5,0
CUST485104,1.0,0,1.0,0.0,29,2.0,1.0,2.0,50.15,1459.73,0,54.2,0
CUST469212,1.0,0,0.0,0.0,44,1.0,1.0,3.0,49.89,2178.58,0,83.4,0
CUST141149,1.0,0,0.0,0.0,28,1.0,1.0,2.0,50.87,1422.73,1,70.8,0
CUST310079,1.0,0,0.0,1.0,15,0.0,1.0,2.0,56.11,840.02,0,49.9,0
CUST460351,1.0,0,0.0,0.0,50,0.0,2.0,2.0,24.21,1204.98,0,18.2,0
CUST289761,1.0,0,1.0,0.0,72,1.0,1.0,1.0,49.92,3589.04,0,49.2,0
CUST130965,1.0,0,1.0,0.0,24,2.0,2.0,0.0,18.46,436.32,0,65.3,0
CUST468889,1.0,0,0.0,0.0,12,0.0,0.0,2.0,34.17,395.61,0,63.5,0
CUST274977,0.0,0,0.0,1.0,62,0.0,2.0,2.0,25.7,1596.65,0,81.2,0
CUST271715,1.0,0,0.0,1.0,38,0.0,1.0,2.0,56.83,2154.56,0,74.9,0
CUST270580,0.0,1,0.0,0.0,50,0.0,1.0,2.0,73.11,3653.89,0,66.3,0
CUST399091,0.0,0,1.0,1.0,22,1.0,1.0,3.0,52.31,1151.42,0,80.5,0
CUST134456,0.0,0,0.0,0.0,48,2.0,0.0,3.0,29.22,1375.83,0,63.4,0
CUST186099,1.0,0,0.0,1.0,47,0.0,2.0,1.0,26.67,1245.06,2,72.8,0
CUST595666,1.0,0,0.0,0.0,33,0.0,1.0,0.0,59.09,1954.13,0,39.3,0
CUST465257,1.0,1,1.0,0.0,39,1.0,0.0,0.0,47.9,1879.86,1,55.1,0
CUST482057,1.0,0,0.0,0.0,24,1.0,1.0,3.0,51.28,1251.49,0,43.8,0
CUST366181,0.0,0,1.0,0.0,42,0.0,2.0,2.0,25.38,1082.98,0,45.2,0
CUST554386,0.0,0,0.0,1.0,24,0.0,0.0,3.0,35.99,880.8,0,80.3,0
CUST532158,0.0,0,0.0,0.0,64,0.0,1.0,0.0,57.35,3679.12,0,57.1,0
CUST291930,0.0,1,0.0,1.0,61,2.0,2.0,0.0,35.57,2169.99,0,58.5,0
CUST211609,1.0,0,1.0,0.0,4,0.0,0.0,0.0,36.55,151.16,0,87.9,0
CUST202646,1.0,0,1.0,0.0,16,0.0,0.0,3.0,35.17,574.17,0,79.4,0
CUST333410,0.0,0,0.0,0.0,36,2.0,1.0,2.0,50.47,1815.28,0,57.5,0
CUST382250,0.0,0,0.0,0.0,35,1.0,1.0,1.0,49.54,1740.66,0,40.1,0
CUST134250,0.0,1,1.0,0.0,21,1.0,0.0,1.0,44.99,937.22,0,63.8,0
CUST204928,1.0,0,0.0,0.0,56,2.0,1.0,3.0,49.5,2788.19,0,43.2,0
CUST376059,1.0,0,1.0,0.0,65,1.0,1.0,3.0,52.39,3408.36,0,49.9,0
CUST343711,0.0,0,1.0,0.0,4,1.0,1.0,2.0,51.67,213.12,0,53.0,1
CUST252559,1.0,0,0.0,1.0,11,0.0,1.0,0.0,55.64,631.35,0,72.0,0
CUST136252,0.0,0,0.0,0.0,3,0.0,2.0,3.0,23.43,75.97,0,61.3,0
CUST130128,1.0,0,0.0,0.0,56,0.0,0.0,2.0,35.72,1993.15,1,56.5,0
CUST103161,1.0,0,1.0,0.0,0,0.0,0.0,2.0,34.54,8.82,0,74.0,0
CUST367225,0.0,0,0.0,0.0,37,0.0,1.0,0.0,58.37,2150.5,0,65.2,0
CUST216030,1.0,0,0.0,1.0,30,1.0,1.0,3.0,50.46,1507.04,0,58.6,0
CUST520649,0.0,0,0.0,1.0,11,1.0,1.0,2.0,49.86,557.03,0,76.2,0
CUST572316,1.0,0,1.0,0.0,17,0.0,1.0,2.0,55.15,943.13,0,58.8,0
CUST221213,0.0,0,0.0,1.0,44,0.0,2.0,0.0,25.22,1119.21,1,63.9,0
CUST590456,0.0,0,1.0,0.0,70,2.0,0.0,2.0,31.67,2214.86,1,44.2,0
CUST346950,1.0,0,0.0,0.0,53,0.0,1.0,3.0,57.91,3069.56,0,65.7,0
CUST395867,0.0,0,1.0,1.0,55,0.0,1.0,3.0,53.87,2982.53,1,62.2,0
CUST239120,0.0,0,0.0,0.0,47,0.0,1.0,3.0,54.96,2584.6,0,71.8,0
CUST447673,0.0,0,1.0,1.0,19,0.0,1.0,0.0,54.5,1040.99,0,71.9,0
CUST377694,1.0,0,0.0,0.0,35,1.0,1.0,0.0,51.74,1827.94,0,44.1,0
CUST104724,1.0,1,0.0,0.0,39,0.0,2.0,2.0,39.18,1537.9,1,62.5,0
CUST283049,0.0,0,0.0,0.0,22,1.0,1.0,2.0,51.13,1137.58,0,48.2,0
CUST519802,1.0,0,0.0,1.0,46,0.0,1.0,1.0,56.65,2602.09,0,55.6,0
CUST471135,0.0,0,1.0,0.0,64,1.0,1.0,1.0,49.52,3181.85,0,36.6,0
CUST334332,1.0,0,0.0,1.0,2,2.0,2.0,2.0,22.1,54.53,0,73.8,0
CUST123832,1.0,0,0.0,0.0,36,0.0,0.0,2.0,35.49,1267.29,1,66.0,0
CUST239417,0.0,0,1.0,0.0,28,2.0,1.0,0.0,51.24,1434.07,0,50.0,0
CUST399537,0.0,0,1.0,1.0,7,1.0,1.0,0.0,48.7,336.93,0,51.4,0
CUST485148,0.0,0,0.0,0.0,46,2.0,0.0,3.0,30.86,1420.98,0,38.5,0
CUST388611,1.0,0,0.0,0.0,65,1.0,1.0,2.0,52.01,3387.03,0,11.9,1
CUST483210,1.0,0,1.0,0.0,71,0.0,1.0,0.0,54.08,3847.04,0,59.2,0
CUST295238,0.0,0,1.0,1.0,9,0.0,0.0,2.0,36.15,337.13,0,77.5,0
CUST547179,1.0,0,1.0,0.0,22,0.0,1.0,3.0,54.89,1213.53,0,60.1,0
CUST471779,1.0,0,0.0,1.0,67,0.0,2.0,3.0,25.94,1740.55,0,52.8,0
CUST485989,1.0,0,1.0,0.0,58,1.0,2.0,3.0,20.58,1195.3,0,62.6,0
CUST450781,1.0,0,1.0,0.0,45,1.0,0.0,2.0,32.41,1460.6,0,55.3,0
CUST480397,1.0,0,1.0,1.0,36,1.0,1.0,1.0,52.4,1902.87,0,67.1,0
CUST564542,0.0,0,1.0,0.0,72,0.0,1.0,2.0,56.39,4061.22,0,43.8,0
CUST147193,0.0,0,1.0,0.0,26,0.0,0.0,2.0,35.15,913.38,0,82.1,0
CUST132595,1.0,0,1.0,0.0,56,2.0,0.0,2.0,30.69,1689.32,0,62.0,0
CUST385859,1.0,0,0.0,1.0,11,0.0,0.0,2.0,35.37,391.6,0,93.4,0
CUST455925,1.0,0,1.0,0.0,55,0.0,1.0,3.0,54.33,2981.18,0,63.1,0
CUST416592,0.0,0,1.0,0.0,12,0.0,0.0,3.0,36.2,435.86,0,68.6,0
CUST401553,0.0,0,0.0,1.0,37,0.0,0.0,0.0,35.14,1296.87,0,71.3,0
CUST276588,0.0,0,1.0,0.0,42,2.0,1.0,1.0,50.3,2111.39,1,55.9,0
CUST590212,0.0,0,1.0,0.0,64,0.0,0.0,1.0,34.75,2228.06,0,40.8,0
CUST541605,1.0,0,0.0,1.0,64,2.0,2.0,3.0,20.82,1327.38,1,69.2,0
CUST325402,1.0,0,1.0,1.0,39,0.0,1.0,2.0,54.35,2111.66,0,75.0,0
CUST258631,1.0,0,0.0,1.0,32,0.0,1.0,3.0,54.75,1747.01,0,54.0,0
CUST268221,1.0,1,0.0,1.0,36,2.0,1.0,0.0,65.53,2370.54,0,48.5,0
CUST211754,1.0,0,0.0,0.0,67,2.0,2.0,0.0,22.16,1478.6,0,44.0,0
CUST487078,0.0,0,1.0,1.0,53,0.0,0.0,0.0,34.83,1831.77,0,29.9,0
CUST301113,0.0,0,1.0,0.0,46,0.0,1.0,3.0,55.51,2562.21,2,26.3,0
CUST271122,1.0,1,0.0,0.0,25,0.0,1.0,0.0,71.35,1795.0,0,28.6,0
CUST466187,0.0,0,1.0,0.0,44,0.0,0.0,0.0,35.32,1550.89,1,60.3,0
CUST357109,1.0,0,0.0,0.0,22,2.0,1.0,2.0,49.42,1095.97,0,73.7,0
CUST597762,1.0,0,0.0,0.0,33,1.0,0.0,3.0,30.08,1004.21,0,64.0,0
CUST205551,0.0,1,1.0,0.0,15,2.0,1.0,2.0,64.74,968.91,0,70.6,0
CUST152337,0.0,0,1.0,1.0,14,0.0,1.0,2.0,55.15,763.83,0,61.6,0
CUST154955,0.0,0,0.0,1.0,30,2.0,0.0,0.0,30.87,913.01,0,61.5,0
CUST319179,1.0,0,1.0,0.0,13,0.0,2.0,0.0,25.58,346.61,0,77.1,0
CUST148698,1.0,0,1.0,0.0,56,2.0,1.0,2.0,49.94,2806.74,0,74.7,0
CUST460624,1.0,0,1.0,0.0,6,0.0,0.0,2.0,35.43,217.28,0,55.0,0
CUST211812,0.0,0,1.0,0.0,27,0.0,0.0,1.0,37.54,987.95,2,58.8,1
CUST312504,1.0,0,0.0,0.0,3,1.0,1.0,0.0,50.29,173.36,1,37.6,0
CUST126293,1.0,0,0.0,1.0,57,0.0,2.0,1.0,27.86,1584.16,0,62.9,0
CUST485021,1.0,0,0.0,0.0,1,0.0,2.0,0.0,24.34,41.39,0,54.0,1
CUST426090,1.0,0,1.0,0.0,35,0.0,0.0,2.0,35.82,1259.31,0,84.6,0
CUST423008,1.0,1,1.0,0.0,62,0.0,2.0,0.0,40.2,2490.63,0,69.6,0
CUST301482,0.0,0,0.0,0.0,52,0.0,1.0,2.0,54.07,2813.04,0,52.9,0
CUST432905,0.0,0,1.0,1.0,0,1.0,2.0,1.0,19.18,0.0,0,94.7,0
CUST538826,1.0,1,0.0,0.0,22,1.0,1.0,2.0,63.73,1414.32,0,51.2,0
CUST576819,0.0,0,0.0,0.0,6,2.0,1.0,3.0,52.22,307.05,1,73.4,0
CUST444582,0.0,0,0.0,0.0,53,0.0,0.0,2.0,35.22,1871.34,0,76.3,0
CUST409817,1.0,0,0.0,1.0,27,1.0,2.0,2.0,20.28,554.89,0,64.7,0
CUST207906,0.0,1,1.0,1.0,51,1.0,2.0,3.0,36.51,1865.39,0,53.4,0
CUST438604,0.0,0,1.0,0.0,41,2.0,1.0,1.0,51.4,2124.38,1,81.8,0
CUST186829,1.0,0,1.0,1.0,39,0.0,1.0,2.0,59.87,2337.74,0,39.6,0
CUST294872,0.0,0,1.0,1.0,61,2.0,0.0,2.0,32.47,1976.78,0,40.0,0
CUST209514,1.0,0,0.0,1.0,6,0.0,0.0,2.0,35.34,223.0,0,59.4,0
CUST222678,0.0,1,0.0,0.0,15,0.0,1.0,1.0,68.7,1024.82,0,58.5,0
CUST421036,0.0,0,0.0,0.0,3,0.0,1.0,0.0,54.24,171.57,0,77.4,0
CUST234289,0.0,1,0.0,0.0,13,0.0,1.0,3.0,72.17,926.6,0,72.3,0
CUST486420,1.0,0,0.0,0.0,4,0.0,1.0,2.0,55.7,212.64,0,95.7,0
CUST352555,1.0,0,0.0,1.0,31,0.0,2.0,2.0,25.63,781.47,0,66.7,0
CUST103950,0.0,0,0.0,1.0,10,0.0,1.0,0.0,57.95,575.34,1,74.6,0
CUST440251,0.0,1,1.0,0.0,38,0.0,1.0,0.0,69.68,2644.67,0,57.4,0
CUST299437,0.0,0,1.0,0.0,16,0.0,1.0,0.0,56.37,893.85,0,79.0,0
CUST268943,1.0,0,1.0,0.0,55,0.0,2.0,3.0,25.71,1412.0,0,39.3,0
CUST145695,0.0,0,0.0,0.0,48,1.0,1.0,0.0,47.65,2286.43,0,40.1,0
CUST599769,1.0,0,0.0,0.0,11,0.0,1.0,0.0,55.71,624.68,0,80.0,0
CUST446053,1.0,0,0.0,0.0,39,0.0,2.0,3.0,25.89,987.27,0,49.4,0
CUST406553,0.0,0,1.0,0.0,63,0.0,0.0,3.0,35.89,2254.36,0,47.8,0
CUST259021,0.0,0,1.0,0.0,2,0.0,1.0,3.0,54.63,104.51,0,99.5,0
CUST425050,0.0,0,1.0,0.0,11,0.0,1.0,3.0,55.98,612.07,0,64.3,0
CUST204287,1.0,1,1.0,1.0,38,0.0,2.0,2.0,41.55,1572.79,0,71.8,0
CUST182893,1.0,0,0.0,0.0,72,0.0,0.0,0.0,35.85,2572.77,0,51.8,0
CUST549562,0.0,0,0.0,0.0,65,0.0,0.0,2.0,36.94,2405.62,0,59.4,0
CUST100123,0.0,0,0.0,0.0,10,0.0,2.0,0.0,24.98,258.14,0,66.6,1
CUST423104,0.0,1,1.0,0.0,52,0.0,1.0,1.0,70.91,3696.12,1,74.0,0
CUST438591,0.0,0,0.0,1.0,55,1.0,0.0,1.0,31.77,1750.86,0,72.7,0
CUST247928,1.0,0,1.0,0.0,63,1.0,0.0,2.0,30.54,1928.48,0,53.4,0
CUST390034,1.0,0,0.0,0.0,71,0.0,1.0,1.0,55.19,3932.09,0,48.2,0
CUST407414,1.0,0,1.0,0.0,58,0.0,2.0,2.0,24.86,1446.7,0,69.4,0
CUST343587,0.0,0,0.0,0.0,9,0.0,2.0,3.0,26.26,245.04,1,82.4,0
CUST434142,1.0,0,1.0,0.0,14,0.0,1.0,1.0,54.7,776.58,0,87.8,0
CUST549104,0.0,0,0.0,0.0,23,0.0,1.0,2.0,55.9,1273.22,0,60.6,0
CUST250562,0.0,0,0.0,1.0,41,0.0,0.0,1.0,36.06,1485.34,2,27.4,0
CUST565018,0.0,0,0.0,0.0,45,0.0,0.0,2.0,34.28,1543.97,0,57.8,0
CUST347341,0.0,1,1.0,1.0,26,1.0,0.0,0.0,44.38,1157.78,0,47.5,0
CUST450320,0.0,0,0.0,0.0,7,1.0,2.0,2.0,20.15,172.59,0,51.0,0
CUST375238,0.0,0,1.0,1.0,13,0.0,0.0,1.0,36.62,475.81,0,72.3,0
CUST557204,0.0,0,1.0,0.0,40,2.0,1.0,0.0,49.53,1994.23,0,61.9,0
CUST422686,1.0,0,0.0,0.0,35,2.0,1.0,1.0,51.06,1794.52,0,75.3,0
CUST218720,1.0,0,0.0,0.0,48,2.0,2.0,1.0,21.13,1005.44,0,71.1,0
CUST388127,1.0,1,0.0,0.0,13,1.0,1.0,3.0,64.89,844.84,0,63.0,0
CUST569720,1.0,0,1.0,0.0,32,2.0,0.0,0.0,28.26,874.94,0,65.5,0
CUST457547,0.0,0,0.0,1.0,27,0.0,1.0,1.0,54.98,1503.63,1,47.9,0
CUST501352,0.0,0,1.0,1.0,23,0.0,1.0,1.0,57.51,1345.45,1,90.6,0
CUST207952,1.0,0,0.0,0.0,14,2.0,1.0,0.0,51.36,712.13,0,76.8,0
CUST201834,0.0,0,0.0,1.0,9,1.0,0.0,3.0,30.75,285.13,0,72.0,0
CUST559982,0.0,0,0.0,0.0,69,2.0,1.0,3.0,50.89,3532.39,0,56.8,0
CUST483428,0.0,0,1.0,0.0,6,1.0,0.0,3.0,29.63,170.67,0,98.4,0
CUST592726,0.0,0,1.0,0.0,36,0.0,0.0,0.0,33.92,1224.66,0,71.6,0
CUST170273,0.0,0,0.0,1.0,54,2.0,0.0,2.0,31.39,1709.53,0,73.4,0
CUST550597,1.0,0,0.0,1.0,70,0.0,2.0,0.0,27.06,1884.55,0,49.8,0
CUST511859,1.0,0,1.0,0.0,4,2.0,1.0,3.0,50.38,198.83,0,57.4,0
CUST184396,1.0,0,0.0,0.0,42,0.0,1.0,2.0,54.46,2294.38,0,64.9,0
CUST407667,0.0,0,0.0,0.0,51,2.0,0.0,3.0,29.54,1513.61,0,41.1,0
CUST187834,0.0,0,0.0,1.0,51,0.0,2.0,3.0,25.15,1271.17,0,35.2,0
CUST553753,1.0,0,1.0,0.0,52,2.0,0.0,0.0,31.54,1646.92,0,34.8,0
CUST105311,0.0,1,1.0,0.0,30,2.0,2.0,0.0,34.65,1038.41,0,57.1,0
CUST359033,1.0,0,0.0,1.0,43,0.0,0.0,3.0,36.28,1557.94,0,64.9,0
CUST211002,0.0,0,1.0,0.0,35,0.0,2.0,2.0,28.5,993.61,0,67.4,0
CUST296505,1.0,0,0.0,1.0,22,0.0,0.0,0.0,34.59,757.63,0,61.0,0
CUST289419,1.0,0,1.0,0.0,12,2.0,1.0,2.0,51.99,636.78,0,74.5,0
CUST481319,0.0,0,0.0,1.0,37,1.0,0.0,0.0,31.15,1154.52,0,84.6,0
CUST220438,0.0,0,0.0,0.0,16,1.0,1.0,2.0,52.84,828.9,0,66.4,0
CUST458495,0.0,0,0.0,0.0,1,0.0,0.0,3.0,35.56,34.79,0,62.5,0
CUST236810,0.0,0,0.0,0.0,16,0.0,2.0,0.0,25.83,412.72,0,61.8,0
CUST251323,0.0,0,1.0,0.0,52,1.0,0.0,2.0,31.01,1610.85,0,43.5,0
CUST414331,1.0,0,1.0,0.0,63,0.0,2.0,0.0,27.24,1728.16,1,44.1,0
CUST273244,0.0,1,0.0,0.0,47,0.0,1.0,1.0,69.85,3276.82,0,57.7,0
CUST137898,0.0,0,0.0,0.0,52,0.0,2.0,2.0,26.08,1358.21,1,39.8,0
CUST289272,0.0,1,0.0,0.0,64,1.0,2.0,0.0,34.73,2227.02,1,41.7,0
CUST132461,1.0,0,1.0,0.0,41,0.0,1.0,2.0,58.4,2375.22,0,36.7,0
CUST165571,1.0,0,0.0,0.0,57,0.0,0.0,2.0,34.82,1978.59,0,26.3,0
CUST186835,1.0,0,0.0,1.0,63,1.0,2.0,2.0,22.0,1386.87,0,77.5,0
CUST449284,0.0,0,1.0,0.0,31,0.0,2.0,0.0,25.29,798.4,0,59.6,0
CUST572376,0.0,0,1.0,0.0,5,0.0,1.0,0.0,55.78,263.23,0,61.8,0
CUST289737,0.0,0,0.0,0.0,41,0.0,1.0,2.0,54.06,2203.09,0,60.2,0
CUST276889,0.0,0,1.0,0.0,22,0.0,1.0,3.0,53.3,1179.94,0,75.5,0
CUST513646,0.0,0,1.0,0.0,68,0.0,1.0,0.0,56.14,3808.55,0,53.3,0
CUST342296,1.0,0,1.0,1.0,72,1.0,0.0,0.0,31.57,2274.34,1,31.8,0
CUST492567,0.0,1,1.0,0.0,45,1.0,1.0,2.0,68.0,3073.51,0,68.1,0
CUST131133,1.0,0,0.0,0.0,39,0.0,1.0,2.0,57.37,2224.78,0,70.6,0
CUST376834,0.0,1,0.0,0.0,8,2.0,2.0,1.0,36.5,293.47,0,84.5,0
CUST219665,0.0,0,0.0,1.0,7,0.0,1.0,2.0,56.28,393.53,2,63.5,1
CUST216065,0.0,0,1.0,1.0,23,0.0,0.0,2.0,36.73,831.99,0,72.2,0
CUST137410,1.0,0,0.0,0.0,9,0.0,1.0,2.0,54.56,472.97,0,69.3,0
CUST563827,0.0,0,1.0,0.0,43,0.0,0.0,2.0,35.34,1540.89,0,55.0,1
CUST522412,0.0,0,1.0,0.0,38,1.0,2.0,3.0,20.73,766.12,0,31.9,0
CUST235492,1.0,1,1.0,0.0,44,2.0,2.0,1.0,39.11,1733.35,0,38.7,0
CUST221202,0.0,0,0.0,0.0,54,0.0,2.0,2.0,24.93,1335.78,0,71.2,0
CUST271269,1.0,0,0.0,0.0,61,0.0,1.0,3.0,60.05,3657.86,0,50.2,0
CUST547238,0.0,0,1.0,0.0,35,2.0,1.0,3.0,51.15,1785.53,0,60.2,0
CUST279024,0.0,0,0.0,0.0,52,0.0,1.0,0.0,56.01,2910.04,0,42.6,0
CUST570899,1.0,0,1.0,0.0,33,1.0,0.0,3.0,30.84,1012.48,0,41.1,0
CUST579045,1.0,1,0.0,1.0,55,1.0,1.0,2.0,65.01,3568.33,2,40.2,0
CUST298941,1.0,0,1.0,1.0,10,0.0,1.0,0.0,55.93,560.66,1,69.9,0
CUST364405,0.0,1,1.0,1.0,25,2.0,1.0,1.0,66.07,1648.0,0,72.6,0
CUST598638,1.0,1,1.0,0.0,26,2.0,1.0,1.0,66.85,1744.98,0,78.0,0
CUST369766,0.0,0,1.0,0.0,63,2.0,1.0,3.0,48.53,3052.34,0,32.2,0
CUST282701,1.0,0,0.0,0.0,41,0.0,2.0,2.0,25.04,1040.94,1,59.6,0
CUST576039,0.0,0,1.0,1.0,46,2.0,1.0,3.0,51.16,2360.57,0,57.6,0
CUST321237,1.0,0,0.0,0.0,58,0.0,2.0,3.0,25.29,1469.33,0,68.8,0
CUST473165,1.0,0,0.0,0.0,41,2.0,1.0,1.0,52.01,2126.65,0,42.1,0
CUST589448,0.0,1,1.0,0.0,70,1.0,0.0,3.0,45.58,3172.02,0,52.6,0
CUST565375,1.0,0,1.0,0.0,47,2.0,1.0,2.0,51.63,2423.9,0,50.2,0
CUST444806,1.0,0,0.0,1.0,2,2.0,1.0,1.0,50.0,96.98,0,63.9,0
CUST227901,1.0,0,0.0,1.0,57,0.0,2.0,2.0,26.07,1465.48,0,76.7,0
CUST499735,0.0,0,1.0,0.0,18,0.0,1.0,2.0,54.66,1006.7,0,71.4,0
CUST339922,0.0,0,0.0,0.0,38,1.0,2.0,2.0,23.68,896.74,0,85.2,0
CUST291938,1.0,0,0.0,0.0,0,0.0,1.0,3.0,54.85,0.0,0,62.8,0
CUST534004,1.0,0,1.0,0.0,16,0.0,1.0,0.0,55.23,880.06,1,75.5,0
CUST349517,1.0,0,1.0,1.0,48,1.0,0.0,2.0,29.15,1400.34,1,58.9,0
CUST223098,0.0,0,0.0,0.0,24,0.0,1.0,2.0,56.45,1356.77,0,60.7,0
CUST237364,0.0,0,0.0,0.0,12,1.0,1.0,2.0,50.11,594.14,0,58.2,0
CUST164664,0.0,0,1.0,0.0,60,1.0,0.0,3.0,30.73,1843.94,1,50.4,0
CUST244728,0.0,0,1.0,0.0,7,0.0,0.0,0.0,35.47,251.34,0,65.3,0
CUST230360,0.0,0,1.0,1.0,72,2.0,2.0,3.0,18.61,1356.83,0,49.7,1
CUST589323,1.0,0,1.0,1.0,5,1.0,0.0,2.0,31.31,130.62,0,74.7,0
CUST244495,1.0,0,1.0,0.0,61,2.0,0.0,0.0,31.07,1897.01,0,56.2,0
CUST498368,1.0,0,0.0,1.0,68,1.0,1.0,2.0,50.2,3423.59,0,37.8,0
CUST109237,0.0,0,0.0,0.0,52,1.0,2.0,3.0,21.98,1156.21,1,21.9,0
CUST291294,0.0,0,0.0,0.0,42,0.0,0.0,2.0,38.04,1604.05,0,54.1,0
CUST167318,0.0,0,0.0,0.0,70,1.0,1.0,2.0,50.23,3518.93,0,38.2,0
CUST144000,1.0,0,1.0,1.0,32,0.0,2.0,2.0,27.49,879.15,0,68.0,0
CUST396918,1.0,0,0.0,1.0,51,2.0,1.0,2.0,50.14,2555.08,0,39.8,0
CUST455687,1.0,1,1.0,0.0,68,2.0,1.0,3.0,64.0,4367.63,0,33.3,0
CUST130768,1.0,1,1.0,0.0,51,2.0,2.0,0.0,35.43,1821.69,0,58.0,0
CUST274517,1.0,0,0.0,0.0,34,0.0,2.0,2.0,26.65,887.31,0,44.9,0
CUST530066,0.0,0,0.0,0.0,48,1.0,2.0,2.0,19.74,957.26,0,82.6,0
CUST237274,0.0,0,1.0,0.0,3,0.0,0.0,3.0,36.66,113.14,1,45.5,0
CUST128914,1.0,1,0.0,0.0,47,0.0,2.0,0.0,42.78,1987.02,0,68.4,0
CUST402461,1.0,0,0.0,1.0,44,0.0,0.0,1.0,35.04,1515.59,0,70.5,0
CUST487637,0.0,0,1.0,0.0,52,1.0,1.0,2.0,49.05,2561.93,0,44.5,0
CUST178951,1.0,0,0.0,0.0,23,2.0,0.0,3.0,30.69,704.61,0,60.9,0
CUST435865,1.0,0,1.0,0.0,13,0.0,2.0,3.0,26.21,344.8,0,79.4,0
CUST197171,1.0,0,1.0,0.0,10,0.0,1.0,2.0,56.44,549.18,1,58.9,0
CUST107033,1.0,0,0.0,0.0,71,0.0,2.0,3.0,26.81,1880.94,0,49.3,0
CUST415559,1.0,0,1.0,0.0,37,0.0,2.0,2.0,25.37,908.53,0,74.9,0
CUST154011,1.0,0,1.0,1.0,31,0.0,1.0,1.0,56.63,1734.58,0,66.3,0
CUST159121,0.0,0,1.0,0.0,62,0.0,2.0,0.0,26.83,1663.1,1,27.3,0
CUST496487,1.0,0,1.0,0.0,52,1.0,0.0,2.0,32.26,1678.62,0,65.6,0
CUST326887,1.0,1,1.0,0.0,16,0.0,0.0,2.0,51.12,825.19,1,56.1,0
CUST523513,0.0,0,1.0,0.0,61,0.0,1.0,0.0,56.3,3432.54,0,40.9,0
CUST393166,0.0,0,1.0,1.0,31,1.0,2.0,0.0,20.31,628.13,1,49.7,0
CUST164290,0.0,1,1.0,0.0,66,0.0,1.0,2.0,72.8,4816.15,0,48.9,0
CUST566143,1.0,0,1.0,0.0,53,1.0,0.0,0.0,30.53,1623.44,0,45.7,0
CUST271416,1.0,0,0.0,0.0,33,0.0,1.0,2.0,55.43,1843.84,1,76.1,0
CUST422161,0.0,0,0.0,0.0,31,0.0,2.0,3.0,24.35,757.75,0,55.9,0
CUST123669,0.0,0,0.0,1.0,16,1.0,1.0,2.0,51.11,808.1,0,90.3,0
CUST333363,0.0,0,0.0,0.0,33,1.0,0.0,2.0,31.23,1037.96,0,83.7,0
CUST436561,1.0,0,1.0,1.0,56,0.0,2.0,3.0,24.05,1348.29,1,45.1,0
CUST540974,1.0,1,0.0,0.0,47,1.0,0.0,1.0,46.1,2166.55,0,76.8,0
CUST452321,0.0,0,1.0,1.0,57,0.0,1.0,0.0,57.35,3273.55,0,43.6,0
CUST312960,1.0,0,1.0,0.0,15,2.0,2.0,2.0,20.31,295.69,0,65.6,0
CUST181101,1.0,0,1.0,0.0,9,2.0,1.0,0.0,49.24,433.28,1,56.1,0
CUST109508,0.0,1,0.0,0.0,42,2.0,0.0,1.0,44.2,1860.48,0,66.2,0
CUST496045,1.0,0,1.0,0.0,9,2.0,0.0,3.0,33.11,306.95,0,81.6,0
CUST363477,1.0,0,1.0,0.0,63,0.0,1.0,1.0,54.39,3417.02,1,49.9,0
CUST399891,0.0,0,1.0,0.0,35,0.0,0.0,2.0,37.75,1328.77,0,69.8,0
CUST125555,1.0,0,0.0,1.0,34,0.0,2.0,0.0,25.38,864.63,0,70.4,0
CUST236239,1.0,0,1.0,0.0,13,1.0,1.0,2.0,51.66,673.07,0,68.2,0
CUST169080,0.0,0,0.0,0.0,40,2.0,1.0,2.0,54.27,2166.39,0,59.3,0
CUST234193,0.0,0,0.0,1.0,27,2.0,0.0,1.0,28.92,767.82,0,60.5,0
CUST236837,0.0,0,0.0,0.0,47,2.0,1.0,1.0,48.33,2275.35,0,65.6,0
CUST139374,0.0,0,0.0,1.0,42,0.0,1.0,3.0,56.11,2352.9,0,48.9,0
CUST310832,0.0,0,0.0,0.0,42,0.0,1.0,3.0,54.04,2252.98,0,78.4,0
CUST562979,0.0,0,0.0,1.0,10,1.0,2.0,2.0,18.74,191.33,0,90.2,0
CUST551891,1.0,0,1.0,0.0,66,0.0,0.0,3.0,38.46,2548.02,0,52.3,0
CUST473907,0.0,0,0.0,0.0,25,0.0,2.0,0.0,26.07,656.15,0,77.2,0
CUST336560,0.0,0,1.0,0.0,52,1.0,0.0,0.0,33.61,1747.57,0,28.6,0
CUST178421,1.0,0,0.0,0.0,21,0.0,1.0,2.0,55.11,1152.78,0,52.5,0
CUST193182,0.0,0,1.0,0.0,20,1.0,2.0,2.0,20.26,430.24,0,55.6,0
CUST254541,1.0,0,1.0,0.0,1,1.0,0.0,0.0,31.92,37.2,0,61.3,0
CUST342339,1.0,0,1.0,0.0,26,0.0,0.0,0.0,35.49,924.74,0,39.0,1
CUST402457,1.0,0,1.0,0.0,41,1.0,1.0,2.0,49.11,1993.68,0,52.1,0
CUST289111,1.0,0,0.0,0.0,5,0.0,1.0,2.0,56.23,280.28,0,40.7,0
CUST112044,1.0,0,0.0,0.0,63,2.0,0.0,3.0,30.18,1894.94,0,59.3,0
CUST364301,1.0,0,1.0,0.0,8,0.0,2.0,0.0,25.91,204.65,0,65.6,0
CUST432391,0.0,0,1.0,0.0,23,0.0,1.0,3.0,56.88,1312.14,0,75.3,0
CUST266681,0.0,1,0.0,0.0,45,1.0,1.0,3.0,66.97,3011.65,0,74.1,0
CUST255424,0.0,0,1.0,1.0,52,0.0,2.0,0.0,25.6,1314.69,0,56.5,0
CUST339412,1.0,0,0.0,0.0,61,0.0,2.0,1.0,23.64,1445.21,0,57.4,0
CUST559061,0.0,0,1.0,1.0,41,0.0,2.0,1.0,26.35,1084.54,0,81.1,0
CUST229049,0.0,0,1.0,1.0,25,0.0,1.0,2.0,56.2,1406.78,0,39.8,0
CUST199380,0.0,0,1.0,0.0,39,0.0,2.0,3.0,28.29,1104.7,1,59.3,0
CUST420064,1.0,1,0.0,0.0,32,1.0,2.0,2.0,34.61,1107.61,0,87.4,0
CUST218918,0.0,0,1.0,1.0,60,1.0,1.0,2.0,51.59,3093.95,1,62.6,0
CUST479756,0.0,0,0.0,1.0,31,0.0,0.0,2.0,36.08,1105.45,0,79.8,0
CUST357337,0.0,0,1.0,0.0,33,2.0,1.0,1.0,48.66,1605.69,0,34.0,0
CUST387818,1.0,0,1.0,0.0,6,0.0,0.0,2.0,38.9,235.03,0,94.7,0
CUST418967,1.0,1,1.0,0.0,9,2.0,2.0,0.0,40.0,358.31,0,56.8,0
CUST135131,1.0,0,1.0,0.0,64,0.0,0.0,1.0,35.51,2271.3,0,50.5,0
CUST368343,1.0,0,1.0,0.0,27,0.0,2.0,2.0,24.3,672.96,0,51.0,1
CUST414610,0.0,0,0.0,0.0,30,0.0,1.0,2.0,53.62,1614.46,0,57.5,0
CUST190773,0.0,0,0.0,1.0,2,2.0,0.0,2.0,32.2,63.12,0,60.0,0
CUST225599,1.0,0,0.0,0.0,27,0.0,0.0,2.0,35.24,958.45,0,68.3,0
CUST273475,0.0,0,1.0,0.0,22,0.0,1.0,2.0,54.59,1181.33,0,51.9,0
CUST170741,0.0,0,0.0,0.0,16,1.0,1.0,2.0,51.37,801.53,0,66.6,0
CUST275527,0.0,0,1.0,0.0,14,0.0,1.0,3.0,55.14,767.59,0,73.1,0
CUST277521,0.0,0,1.0,0.0,65,1.0,2.0,2.0,20.17,1311.45,0,70.5,0
CUST540956,0.0,0,0.0,0.0,34,2.0,1.0,3.0,52.24,1773.73,0,38.2,0
CUST398051,0.0,0,1.0,0.0,32,0.0,1.0,0.0,57.01,1809.36,1,33.7,0
CUST327750,0.0,0,1.0,0.0,47,1.0,1.0,2.0,51.35,2417.43,0,54.8,0
CUST478128,1.0,0,0.0,0.0,72,2.0,2.0,3.0,22.94,1664.74,1,59.4,0
CUST196754,0.0,1,1.0,0.0,7,1.0,0.0,0.0,48.07,343.79,1,77.6,0
CUST238291,0.0,0,0.0,0.0,57,1.0,2.0,0.0,22.15,1263.51,0,71.9,0
CUST404493,0.0,0,1.0,0.0,17,1.0,1.0,2.0,50.98,854.82,0,58.8,0
CUST351504,0.0,0,0.0,0.0,52,0.0,0.0,1.0,35.83,1875.13,1,61.7,0
CUST374160,1.0,0,0.0,1.0,45,0.0,2.0,3.0,26.8,1190.46,0,53.7,0
CUST165152,1.0,0,0.0,1.0,24,0.0,1.0,0.0,56.12,1355.41,0,60.9,0
CUST211068,0.0,0,0.0,0.0,20,0.0,1.0,1.0,56.02,1103.5,0,60.1,0
CUST289479,0.0,1,1.0,1.0,42,1.0,1.0,2.0,65.93,2765.54,0,66.6,0
CUST188565,0.0,0,1.0,0.0,53,0.0,1.0,2.0,56.79,3009.84,0,51.3,0
CUST291855,1.0,0,0.0,0.0,33,2.0,0.0,2.0,31.83,1059.44,0,38.9,0
CUST482503,1.0,0,1.0,0.0,64,1.0,0.0,0.0,32.18,2041.35,0,36.8,0
CUST567910,0.0,0,0.0,0.0,33,0.0,1.0,0.0,53.97,1772.07,0,68.1,0
CUST159538,1.0,0,1.0,0.0,62,1.0,1.0,0.0,49.75,3092.29,0,47.4,0
CUST270398,0.0,0,1.0,1.0,1,0.0,2.0,1.0,25.14,29.45,0,75.6,0
CUST361945,0.0,0,1.0,0.0,20,0.0,0.0,3.0,35.76,710.6,0,80.8,0
CUST354517,0.0,0,0.0,0.0,55,1.0,0.0,1.0,30.63,1693.56,0,76.9,0
CUST280203,1.0,0,1.0,0.0,51,0.0,1.0,1.0,55.25,2826.12,1,54.0,0
CUST123854,0.0,1,1.0,0.0,44,0.0,0.0,2.0,49.54,2168.03,0,50.8,0
CUST152519,0.0,0,0.0,0.0,59,0.0,0.0,1.0,36.54,2146.84,0,53.1,0
CUST539653,0.0,1,0.0,0.0,49,0.0,1.0,3.0,72.1,3544.99,0,81.5,0
CUST500734,1.0,0,0.0,1.0,33,0.0,2.0,1.0,29.12,977.11,0,53.1,1
CUST503540,1.0,0,0.0,1.0,18,1.0,0.0,1.0,28.94,524.27,1,29.4,0
CUST190963,1.0,0,0.0,1.0,3,2.0,1.0,2.0,49.25,163.56,1,61.7,0
CUST409873,0.0,1,1.0,0.0,4,2.0,1.0,1.0,65.34,265.73,1,76.1,0
CUST527528,0.0,0,1.0,0.0,58,0.0,2.0,0.0,27.98,1623.02,2,65.5,0
CUST331584,0.0,0,0.0,0.0,38,0.0,1.0,0.0,55.79,2119.57,1,60.5,0
CUST537770,0.0,0,1.0,0.0,65,2.0,2.0,3.0,22.15,1428.91,0,67.5,0
CUST464398,1.0,0,1.0,1.0,35,1.0,2.0,2.0,21.17,737.39,0,50.6,0
CUST460239,1.0,0,1.0,0.0,72,0.0,1.0,3.0,56.26,4068.92,1,63.3,0
CUST412523,0.0,1,1.0,0.0,66,2.0,0.0,1.0,49.35,3252.5,0,40.2,0
CUST549438,0.0,0,0.0,0.0,31,1.0,1.0,2.0,52.54,1630.41,0,78.0,0
CUST484530,0.0,0,1.0,0.0,3,1.0,0.0,2.0,30.52,91.36,0,77.7,0
CUST567931,0.0,1,0.0,0.0,31,0.0,2.0,0.0,39.84,1241.58,0,40.8,0
CUST582310,0.0,0,0.0,1.0,21,0.0,0.0,3.0,36.48,766.25,0,59.4,0
CUST115802,1.0,0,0.0,0.0,17,2.0,0.0,0.0,32.82,579.31,0,50.8,0
CUST224499,0.0,0,1.0,0.0,17,2.0,2.0,1.0,22.05,386.98,0,74.1,0
CUST553601,0.0,0,1.0,0.0,21,0.0,2.0,1.0,25.4,531.21,1,90.8,0
CUST463407,0.0,1,1.0,0.0,42,0.0,0.0,3.0,51.06,2137.94,0,40.7,0
CUST367190,0.0,0,0.0,1.0,18,0.0,2.0,2.0,28.08,523.24,0,66.3,0
CUST252698,1.0,0,0.0,1.0,41,0.0,2.0,3.0,26.16,1061.97,0,91.2,0
CUST113577,0.0,0,1.0,0.0,63,1.0,1.0,3.0,49.03,3084.94,0,23.7,0
CUST307399,1.0,0,0.0,0.0,36,0.0,0.0,2.0,34.35,1223.21,1,54.8,0
CUST384187,1.0,0,1.0,0.0,20,1.0,2.0,2.0,20.77,433.34,0,67.7,0
CUST185750,0.0,0,0.0,0.0,2,1.0,2.0,1.0,20.14,39.42,0,68.5,0
CUST296405,1.0,0,0.0,0.0,34,1.0,0.0,0.0,29.49,998.21,0,81.1,0
CUST320417,0.0,0,0.0,0.0,23,0.0,1.0,3.0,57.3,1321.39,0,70.8,0
CUST116933,1.0,0,0.0,1.0,69,0.0,0.0,2.0,36.36,2511.85,0,60.0,0
CUST565174,0.0,0,1.0,0.0,16,1.0,0.0,2.0,30.94,508.02,0,70.7,0
CUST280679,1.0,0,0.0,1.0,31,0.0,1.0,3.0,55.09,1711.23,0,64.8,0
CUST398347,0.0,0,0.0,1.0,30,0.0,1.0,1.0,56.53,1694.9,0,30.2,0
CUST592379,1.0,0,0.0,0.0,12,0.0,2.0,2.0,25.53,308.21,0,81.3,0
CUST314890,1.0,0,1.0,1.0,32,2.0,1.0,1.0,49.07,1576.14,0,40.4,0
CUST521284,0.0,0,1.0,0.0,42,2.0,1.0,3.0,52.49,2209.64,1,38.5,0
CUST255296,0.0,0,0.0,0.0,43,2.0,0.0,2.0,29.81,1291.35,1,48.0,0
CUST401682,1.0,0,1.0,1.0,5,0.0,1.0,0.0,53.46,266.84,0,73.0,0
CUST275842,0.0,0,1.0,0.0,57,2.0,2.0,2.0,20.87,1206.0,1,55.1,0
CUST303433,0.0,1,0.0,0.0,35,0.0,2.0,1.0,40.58,1441.2,0,71.6,0
CUST583835,0.0,0,1.0,1.0,10,0.0,2.0,2.0,26.1,276.73,0,73.8,0
CUST299040,1.0,0,0.0,1.0,64,2.0,0.0,0.0,30.64,1974.38,0,26.6,0
CUST511133,0.0,0,0.0,1.0,18,0.0,1.0,1.0,55.3,1001.36,0,54.2,0
CUST487034,0.0,0,1.0,0.0,17,1.0,0.0,3.0,32.09,547.97,0,91.2,0
CUST298106,0.0,0,1.0,0.0,39,0.0,1.0,2.0,56.78,2216.22,1,68.2,0
CUST373036,1.0,1,1.0,1.0,46,0.0,0.0,2.0,52.03,2400.97,0,43.1,0
CUST110337,0.0,0,0.0,0.0,13,1.0,2.0,0.0,21.17,272.23,0,62.4,1
CUST244898,1.0,0,0.0,1.0,48,0.0,2.0,0.0,25.27,1201.87,0,54.5,0
CUST549590,1.0,0,0.0,0.0,27,0.0,1.0,3.0,55.09,1490.63,0,41.9,0
CUST163006,1.0,1,1.0,0.0,26,0.0,1.0,1.0,70.18,1824.96,0,46.5,0
CUST596417,1.0,0,0.0,0.0,31,0.0,1.0,3.0,55.88,1737.85,0,75.9,0
CUST132722,0.0,0,0.0,0.0,66,1.0,1.0,0.0,50.33,3331.34,0,38.3,0
CUST110894,1.0,0,0.0,1.0,4,0.0,2.0,0.0,26.58,98.75,0,74.3,0
CUST298228,1.0,0,0.0,0.0,14,1.0,1.0,0.0,51.19,711.42,1,62.6,0
CUST204839,0.0,0,0.0,0.0,43,2.0,1.0,3.0,53.24,2276.38,0,50.4,0
CUST232124,1.0,0,0.0,0.0,42,0.0,1.0,1.0,57.73,2433.1,0,41.6,0
CUST131094,0.0,0,0.0,0.0,46,0.0,1.0,0.0,56.38,2610.26,0,78.3,0
CUST168669,0.0,0,1.0,0.0,23,2.0,0.0,2.0,31.57,727.7,0,67.8,0
CUST190996,0.0,0,1.0,0.0,37,1.0,1.0,2.0,50.55,1879.86,1,31.1,0
CUST404782,0.0,0,1.0,1.0,31,0.0,1.0,2.0,55.81,1728.47,1,89.6,0
CUST588245,0.0,0,1.0,0.0,31,0.0,1.0,2.0,53.25,1655.54,0,62.5,1
CUST240062,0.0,0,1.0,1.0,8,0.0,1.0,3.0,55.91,448.16,0,39.8,0
CUST574775,0.0,0,0.0,0.0,65,0.0,2.0,2.0,27.78,1817.12,0,93.5,0
CUST334380,0.0,0,0.0,0.0,31,2.0,1.0,3.0,50.38,1569.21,0,84.5,0
CUST572551,1.0,0,0.0,0.0,67,2.0,0.0,3.0,29.94,2020.03,0,67.9,0
CUST490191,1.0,0,1.0,1.0,45,0.0,0.0,1.0,36.1,1630.81,0,65.6,0
CUST512694,0.0,0,0.0,0.0,69,0.0,0.0,2.0,34.45,2366.98,1,57.3,1
CUST230574,0.0,0,1.0,0.0,8,2.0,0.0,3.0,31.47,247.49,0,83.9,0
CUST266085,0.0,0,0.0,0.0,15,0.0,2.0,3.0,26.75,409.28,1,61.2,1
CUST374803,0.0,0,0.0,0.0,56,0.0,2.0,2.0,26.2,1473.89,0,30.7,0
CUST469238,1.0,0,0.0,0.0,22,0.0,2.0,0.0,24.96,568.14,0,67.5,1
CUST343499,1.0,0,1.0,0.0,31,2.0,2.0,1.0,21.37,659.93,0,48.1,0
CUST435329,0.0,0,0.0,0.0,65,1.0,0.0,3.0,30.07,1946.38,0,55.8,0
CUST529976,1.0,0,1.0,0.0,34,0.0,2.0,3.0,26.79,917.06,0,70.4,0
CUST303442,1.0,0,1.0,0.0,52,0.0,1.0,3.0,54.17,2804.31,0,52.5,0
CUST376654,1.0,1,0.0,1.0,53,2.0,1.0,1.0,65.15,3460.35,1,38.6,0
CUST447387,0.0,0,0.0,1.0,57,0.0,0.0,2.0,35.92,2048.0,0,54.2,0
CUST109377,1.0,0,0.0,0.0,55,1.0,1.0,2.0,49.81,2729.25,0,73.7,0
CUST301188,0.0,0,1.0,0.0,49,0.0,1.0,0.0,55.48,2721.76,0,78.6,0
CUST158376,1.0,0,1.0,0.0,48,0.0,1.0,3.0,55.4,2676.78,0,55.7,0
CUST529253,1.0,1,0.0,0.0,15,0.0,0.0,2.0,49.43,722.46,0,67.3,0
CUST566865,0.0,0,1.0,0.0,20,0.0,0.0,3.0,34.42,672.67,0,60.6,0
CUST224856,0.0,0,1.0,0.0,63,0.0,0.0,1.0,36.6,2289.74,0,49.1,0
CUST419976,1.0,1,1.0,1.0,12,0.0,2.0,2.0,40.94,497.32,0,76.4,0
CUST272273,0.0,0,1.0,0.0,36,0.0,1.0,2.0,56.15,2013.86,1,73.9,0
CUST356892,0.0,0,0.0,1.0,17,0.0,1.0,0.0,54.56,927.61,0,50.4,0
CUST382373,0.0,0,1.0,0.0,14,0.0,2.0,3.0,26.2,360.47,0,40.4,0
CUST336743,0.0,0,0.0,0.0,41,0.0,0.0,0.0,36.68,1469.46,0,76.4,0
CUST269974,1.0,0,1.0,0.0,7,1.0,1.0,3.0,50.93,374.46,0,72.8,0
CUST587016,1.0,0,0.0,1.0,57,1.0,0.0,1.0,32.34,1847.23,0,76.3,0
CUST315313,0.0,0,1.0,0.0,63,1.0,2.0,2.0,19.61,1224.6,0,69.2,0
CUST388726,1.0,0,0.0,0.0,24,1.0,0.0,2.0,29.54,707.7,0,70.5,0
CUST261382,1.0,0,0.0,0.0,5,0.0,1.0,3.0,56.17,264.52,0,87.3,0
CUST210015,1.0,0,0.0,0.0,36,0.0,2.0,3.0,27.63,998.2,0,69.4,0
CUST568899,0.0,0,0.0,0.0,3,0.0,2.0,0.0,25.7,91.66,0,79.2,0
CUST527833,0.0,0,0.0,0.0,22,0.0,1.0,2.0,55.41,1216.89,0,82.6,0
CUST512420,0.0,0,0.0,0.0,5,0.0,1.0,0.0,57.28,298.87,0,66.1,0
CUST373095,1.0,0,1.0,1.0,54,1.0,2.0,0.0,20.73,1126.6,0,40.0,0
CUST349810,0.0,0,1.0,0.0,62,0.0,2.0,0.0,26.68,1656.37,1,77.5,0
CUST131120,1.0,0,1.0,0.0,61,1.0,1.0,1.0,51.41,3151.67,0,39.9,0
CUST242878,0.0,0,1.0,0.0,33,1.0,0.0,0.0,30.06,993.15,0,44.2,0
CUST163679,0.0,0,0.0,0.0,35,2.0,1.0,2.0,49.54,1737.96,0,57.6,0
CUST252909,0.0,0,1.0,0.0,49,0.0,1.0,2.0,56.66,2771.8,1,2.8,1
CUST109098,0.0,0,1.0,0.0,50,2.0,1.0,0.0,50.33,2523.82,1,50.3,0
CUST472603,0.0,0,1.0,0.0,28,0.0,1.0,0.0,56.2,1561.03,0,64.8,0
CUST378537,1.0,0,1.0,0.0,33,0.0,2.0,1.0,26.58,873.29,0,81.3,0
CUST194069,0.0,0,0.0,0.0,6,0.0,1.0,0.0,54.79,336.84,0,62.0,0
CUST423887,1.0,0,1.0,0.0,48,0.0,0.0,2.0,35.78,1712.4,0,56.8,0
CUST265537,1.0,0,1.0,0.0,3,0.0,0.0,0.0,33.96,94.69,0,76.9,0
CUST484219,1.0,0,0.0,1.0,1,2.0,2.0,3.0,19.6,20.86,0,66.1,0
CUST447109,1.0,0,0.0,0.0,12,1.0,1.0,2.0,51.69,608.44,0,53.2,0
CUST473437,0.0,0,0.0,0.0,32,0.0,2.0,2.0,27.0,878.32,0,78.8,0
CUST189838,0.0,1,0.0,0.0,68,0.0,0.0,1.0,49.14,3352.07,0,56.8,0
CUST170049,1.0,0,0.0,0.0,38,0.0,0.0,3.0,36.15,1392.16,0,70.1,0
CUST484647,1.0,0,0.0,1.0,37,1.0,2.0,3.0,20.69,770.33,0,67.8,1
CUST216046,0.0,0,1.0,0.0,30,2.0,0.0,1.0,28.9,868.72,0,72.5,0
CUST309060,0.0,0,0.0,0.0,69,1.0,1.0,2.0,50.99,3518.7,0,67.1,0
CUST418563,1.0,0,0.0,0.0,21,0.0,1.0,1.0,57.07,1204.65,0,59.6,0
CUST182020,0.0,0,1.0,0.0,5,0.0,0.0,2.0,36.28,174.77,0,64.2,0
CUST150154,1.0,0,0.0,0.0,29,0.0,1.0,3.0,54.77,1587.74,0,49.8,0
CUST246828,1.0,0,0.0,0.0,20,2.0,1.0,2.0,50.6,1006.51,0,37.3,0
CUST484809,1.0,0,0.0,1.0,45,2.0,0.0,3.0,30.15,1358.25,1,62.5,0
CUST534756,1.0,0,1.0,0.0,39,1.0,1.0,2.0,52.03,2015.19,0,94.5,0
CUST525639,0.0,1,0.0,0.0,9,0.0,0.0,1.0,49.74,444.61,0,57.8,0
CUST209907,0.0,1,0.0,0.0,60,0.0,0.0,3.0,50.88,3050.12,3,79.8,0
CUST285883,1.0,0,0.0,0.0,55,1.0,1.0,0.0,51.44,2823.85,0,60.3,0
CUST531805,1.0,0,1.0,0.0,63,2.0,1.0,1.0,50.54,3187.84,0,75.0,0
CUST252619,1.0,0,0.0,0.0,63,1.0,1.0,2.0,51.08,3231.3,0,66.1,0
CUST232296,0.0,0,1.0,0.0,55,0.0,2.0,0.0,24.06,1309.44,0,64.7,0
CUST303201,1.0,1,1.0,0.0,17,0.0,1.0,0.0,75.26,1293.31,0,45.1,0
CUST300141,1.0,0,1.0,1.0,69,1.0,2.0,3.0,20.57,1413.72,0,72.3,0
CUST591195,0.0,0,1.0,1.0,7,0.0,2.0,0.0,26.34,177.67,0,84.0,0
CUST596855,0.0,0,1.0,1.0,13,0.0,1.0,2.0,55.76,726.06,0,63.2,0
CUST526969,1.0,0,1.0,0.0,44,0.0,1.0,2.0,56.63,2491.18,0,62.9,0
CUST477522,1.0,0,1.0,1.0,46,2.0,2.0,0.0,22.31,1024.9,0,66.9,0
CUST381126,1.0,0,1.0,0.0,20,1.0,1.0,3.0,51.55,1036.56,1,45.4,0
CUST121160,0.0,0,0.0,1.0,14,2.0,1.0,2.0,47.99,661.34,0,69.7,0
CUST164533,1.0,0,0.0,0.0,42,1.0,0.0,3.0,30.82,1289.72,1,55.3,0
CUST295539,0.0,0,1.0,0.0,5,0.0,1.0,0.0,55.73,277.9,1,64.1,0
CUST173258,0.0,0,0.0,0.0,16,2.0,0.0,3.0,31.99,495.09,0,39.5,0
CUST331453,0.0,0,0.0,0.0,37,0.0,0.0,0.0,37.23,1367.61,0,58.0,0
CUST217468,1.0,0,1.0,0.0,46,2.0,1.0,2.0,51.66,2374.34,0,58.8,0
CUST159813,0.0,0,0.0,0.0,72,2.0,1.0,1.0,51.8,3729.87,2,46.6,0
CUST180300,1.0,0,1.0,1.0,39,1.0,0.0,1.0,30.19,1183.25,0,60.4,0
CUST525798,0.0,0,0.0,0.0,33,2.0,2.0,0.0,21.19,724.57,0,79.9,0
CUST109052,0.0,0,1.0,1.0,6,0.0,1.0,0.0,56.98,336.42,0,76.0,0
CUST358537,0.0,0,1.0,0.0,28,2.0,1.0,0.0,49.79,1397.13,0,43.1,0
CUST436687,0.0,0,0.0,0.0,33,0.0,2.0,2.0,27.69,922.27,0,60.3,0
CUST196461,1.0,0,0.0,0.0,15,1.0,1.0,1.0,51.43,766.82,0,82.9,0
CUST178403,1.0,0,1.0,0.0,14,0.0,0.0,2.0,35.5,499.21,2,94.0,0
CUST400038,1.0,0,0.0,0.0,58,2.0,1.0,1.0,53.38,3101.18,0,60.7,0
CUST280901,1.0,0,0.0,1.0,48,1.0,0.0,3.0,30.35,1443.47,0,66.0,0
CUST432026,0.0,0,0.0,1.0,35,0.0,0.0,1.0,36.29,1285.61,1,30.7,0
CUST166111,1.0,0,0.0,0.0,42,0.0,1.0,3.0,55.17,2316.95,1,37.8,0
CUST538294,1.0,0,0.0,0.0,41,0.0,1.0,3.0,55.66,2269.31,0,65.2,0
CUST529741,0.0,1,1.0,0.0,24,0.0,2.0,0.0,40.43,957.77,0,72.5,0
CUST328473,1.0,0,1.0,0.0,26,0.0,1.0,0.0,55.96,1446.11,1,58.5,0
CUST348836,1.0,0,1.0,0.0,61,1.0,0.0,0.0,33.36,2020.71,0,60.8,0
CUST387619,1.0,0,1.0,0.0,41,0.0,2.0,2.0,27.85,1145.22,0,68.1,0
CUST448988,1.0,0,0.0,1.0,21,2.0,2.0,0.0,20.65,422.77,0,51.9,0
CUST165440,1.0,0,1.0,0.0,70,1.0,2.0,2.0,19.8,1386.38,0,36.5,0
CUST240615,1.0,0,1.0,0.0,60,0.0,0.0,1.0,33.87,2029.23,0,50.3,0
CUST132341,0.0,0,0.0,0.0,54,0.0,0.0,3.0,35.54,1904.11,0,62.1,0
CUST232017,0.0,0,0.0,0.0,46,1.0,0.0,0.0,29.87,1395.91,0,51.7,0
CUST431462,0.0,0,1.0,1.0,15,0.0,2.0,3.0,27.42,414.61,1,73.9,0
CUST491998,0.0,0,1.0,0.0,41,0.0,2.0,2.0,26.74,1070.16,0,34.5,0
CUST528365,0.0,0,0.0,0.0,19,1.0,1.0,2.0,51.17,971.54,0,77.3,0
CUST463868,1.0,0,0.0,1.0,33,0.0,0.0,0.0,35.02,1155.16,0,44.7,0
CUST439822,1.0,0,1.0,0.0,21,0.0,0.0,0.0,35.51,743.66,0,66.1,0
CUST154060,1.0,0,0.0,0.0,71,0.0,2.0,3.0,25.61,1833.06,0,39.2,0
CUST382205,1.0,1,0.0,0.0,39,0.0,1.0,0.0,71.86,2805.98,0,58.7,0
CUST175215,0.0,0,0.0,0.0,60,0.0,1.0,2.0,56.17,3354.53,0,53.1,0
CUST335917,1.0,0,0.0,0.0,60,2.0,0.0,2.0,28.97,1719.8,0,52.1,0
CUST140946,0.0,0,1.0,0.0,38,0.0,1.0,2.0,57.22,2175.5,0,67.8,0
CUST482437,0.0,1,0.0,0.0,3,0.0,0.0,2.0,51.12,155.94,0,92.6,0
CUST196942,0.0,0,1.0,0.0,24,0.0,1.0,1.0,57.18,1374.0,0,58.9,0
CUST360780,0.0,0,0.0,0.0,18,0.0,1.0,0.0,53.14,952.15,0,56.0,0
CUST140598,1.0,0,1.0,0.0,7,0.0,0.0,1.0,39.08,268.98,0,62.5,0
CUST461718,1.0,0,0.0,0.0,25,0.0,1.0,2.0,55.44,1379.83,0,73.2,0
CUST124094,0.0,0,0.0,1.0,21,0.0,0.0,1.0,36.99,787.38,0,64.6,0
CUST544681,0.0,0,0.0,0.0,32,0.0,0.0,1.0,38.12,1217.72,0,72.9,0
CUST412305,0.0,1,1.0,0.0,11,0.0,2.0,1.0,40.9,446.43,0,62.7,0
CUST583014,1.0,0,0.0,0.0,6,0.0,1.0,1.0,56.33,349.65,0,74.0,0
CUST130685,0.0,0,1.0,1.0,39,2.0,1.0,0.0,51.28,2024.91,0,55.3,0
CUST329860,1.0,0,1.0,1.0,36,0.0,0.0,0.0,34.8,1260.63,1,49.5,0
CUST329821,1.0,0,0.0,1.0,49,0.0,1.0,3.0,56.45,2785.97,0,34.1,0
CUST125540,0.0,0,0.0,0.0,11,0.0,1.0,2.0,60.41,658.62,1,55.7,0
CUST510954,1.0,0,0.0,0.0,59,1.0,2.0,2.0,19.98,1181.91,0,73.9,0
CUST190785,1.0,0,1.0,0.0,10,0.0,1.0,2.0,56.04,564.35,0,66.9,0
CUST201190,0.0,0,1.0,0.0,10,0.0,1.0,3.0,55.93,558.49,1,59.9,0
CUST358988,1.0,0,0.0,0.0,24,0.0,1.0,3.0,56.05,1330.88,0,81.2,0
CUST112334,1.0,0,0.0,0.0,5,2.0,0.0,2.0,33.0,172.84,0,81.5,0
CUST162757,0.0,0,0.0,0.0,47,0.0,0.0,2.0,34.74,1649.15,0,65.9,0
CUST530664,1.0,0,0.0,0.0,8,1.0,2.0,2.0,21.83,169.92,0,64.2,0
CUST371179,0.0,0,0.0,0.0,22,1.0,0.0,2.0,29.1,639.61,0,70.3,0
CUST484249,1.0,0,0.0,1.0,28,0.0,1.0,2.0,55.89,1557.08,0,62.8,0
CUST489659,0.0,0,0.0,0.0,8,0.0,1.0,2.0,56.08,447.33,0,60.2,0
CUST120184,0.0,0,0.0,1.0,21,2.0,1.0,1.0,50.47,1045.27,0,65.8,0
CUST132079,0.0,0,1.0,1.0,34,1.0,2.0,2.0,22.67,765.68,0,58.5,0
CUST488770,0.0,0,0.0,0.0,31,0.0,2.0,0.0,25.81,804.22,0,86.9,0
CUST227450,1.0,0,1.0,1.0,20,0.0,1.0,0.0,55.19,1109.31,0,55.6,0
CUST312952,0.0,0,0.0,0.0,36,0.0,1.0,1.0,56.55,2047.65,0,52.8,0
CUST490849,0.0,0,0.0,0.0,57,0.0,2.0,2.0,27.25,1541.96,0,69.4,0
CUST318275,0.0,0,1.0,1.0,71,0.0,2.0,3.0,26.61,1897.01,0,61.5,0
CUST497753,1.0,0,0.0,0.0,36,2.0,1.0,2.0,49.85,1813.03,0,94.4,0
CUST200538,1.0,0,1.0,0.0,40,0.0,0.0,0.0,36.59,1465.53,0,79.6,0
CUST592759,1.0,0,1.0,0.0,33,0.0,2.0,0.0,30.4,991.4,0,48.4,0
CUST208561,0.0,0,0.0,0.0,39,2.0,1.0,2.0,50.7,1981.27,0,62.1,0
CUST374387,1.0,0,1.0,0.0,24,2.0,1.0,0.0,50.25,1216.45,0,64.9,0
CUST197328,0.0,0,1.0,0.0,40,0.0,2.0,0.0,24.18,955.72,1,30.6,0
CUST517195,0.0,0,1.0,0.0,31,1.0,2.0,2.0,20.12,631.02,0,83.3,0
CUST584549,1.0,0,0.0,0.0,32,0.0,0.0,0.0,34.16,1106.07,0,76.8,0
CUST288208,1.0,0,0.0,1.0,22,2.0,2.0,3.0,20.43,451.6,0,36.3,0
CUST157395,1.0,0,0.0,1.0,38,0.0,0.0,0.0,34.77,1312.15,0,59.8,1
CUST344292,1.0,0,0.0,0.0,19,0.0,1.0,1.0,56.67,1069.09,0,84.7,0
CUST274030,0.0,0,1.0,0.0,31,2.0,1.0,0.0,54.37,1690.24,0,92.4,0
CUST533717,1.0,0,1.0,0.0,26,2.0,1.0,3.0,57.57,1486.4,1,70.9,0
CUST583800,1.0,0,1.0,0.0,36,0.0,0.0,2.0,35.67,1297.19,0,70.0,0
CUST563416,1.0,0,0.0,0.0,18,2.0,2.0,3.0,20.97,365.86,0,42.4,0
CUST443598,0.0,0,0.0,1.0,42,2.0,2.0,2.0,20.48,854.62,0,67.0,0
CUST214409,0.0,0,1.0,0.0,64,0.0,0.0,3.0,37.55,2404.51,0,53.0,0
CUST548478,0.0,0,0.0,0.0,66,2.0,1.0,0.0,51.74,3421.39,1,60.6,0
CUST574156,1.0,0,1.0,0.0,69,0.0,0.0,1.0,36.19,2495.66,0,55.6,0
CUST437246,1.0,0,1.0,1.0,12,0.0,0.0,2.0,36.54,442.98,1,59.2,0
CUST501886,0.0,0,1.0,0.0,31,0.0,0.0,2.0,37.69,1175.81,0,29.9,0
CUST210852,1.0,0,1.0,0.0,31,0.0,1.0,0.0,55.13,1698.85,0,52.9,0
CUST184517,0.0,0,0.0,0.0,62,0.0,2.0,1.0,25.52,1568.45,0,50.3,0
CUST311890,1.0,0,0.0,1.0,59,2.0,1.0,2.0,50.34,2973.03,0,64.2,0
CUST402635,0.0,1,0.0,0.0,31,2.0,1.0,3.0,68.12,2104.31,0,42.1,0
CUST395296,0.0,0,1.0,0.0,36,0.0,2.0,0.0,25.01,900.86,0,68.6,0
CUST480302,1.0,0,1.0,0.0,9,0.0,0.0,0.0,38.15,346.48,0,61.7,0
CUST526395,0.0,0,1.0,0.0,66,0.0,1.0,2.0,55.62,3666.03,0,56.3,0
CUST341724,1.0,0,1.0,0.0,5,0.0,2.0,2.0,26.07,121.17,0,51.2,0
CUST567224,0.0,0,0.0,1.0,23,0.0,2.0,1.0,26.03,601.92,0,57.6,0
CUST112075,1.0,0,0.0,1.0,12,1.0,1.0,0.0,51.24,612.09,0,43.2,0
CUST243040,1.0,0,1.0,0.0,19,1.0,1.0,1.0,51.67,974.9,0,73.7,0
CUST283008,0.0,0,0.0,0.0,37,1.0,0.0,1.0,30.13,1106.1,0,26.1,0
CUST543005,0.0,0,0.0,0.0,58,2.0,1.0,2.0,52.93,3068.52,0,43.7,0
CUST435880,0.0,0,0.0,0.0,30,1.0,1.0,2.0,49.53,1496.8,0,54.3,0
CUST132825,1.0,0,1.0,0.0,37,0.0,1.0,2.0,59.79,2224.48,0,64.1,0
CUST133195,1.0,0,1.0,0.0,36,1.0,1.0,1.0,48.63,1745.09,0,60.5,0
CUST104661,1.0,0,0.0,0.0,65,0.0,0.0,2.0,35.5,2311.43,1,60.7,0
CUST591472,0.0,0,1.0,0.0,64,2.0,2.0,3.0,20.2,1316.0,0,26.7,0
CUST511258,0.0,1,1.0,0.0,18,1.0,1.0,2.0,66.33,1177.19,0,73.6,0
CUST560468,1.0,0,1.0,0.0,12,2.0,2.0,2.0,20.45,245.81,0,76.4,0
CUST227175,0.0,0,0.0,1.0,20,0.0,0.0,2.0,36.24,728.28,0,76.1,0
CUST567936,0.0,0,1.0,0.0,12,2.0,1.0,2.0,49.41,603.95,0,76.0,0
CUST309118,0.0,0,0.0,1.0,47,0.0,1.0,2.0,56.71,2655.51,0,52.8,0
CUST453503,1.0,0,1.0,0.0,8,0.0,1.0,2.0,55.51,453.83,0,44.6,0
CUST284120,0.0,0,1.0,0.0,55,0.0,2.0,0.0,23.4,1303.85,0,25.1,0
CUST104301,1.0,0,0.0,1.0,0,0.0,0.0,0.0,39.08,8.7,0,90.9,0
CUST346363,1.0,0,0.0,1.0,21,0.0,0.0,2.0,37.64,790.76,0,77.3,0
CUST536100,0.0,0,0.0,0.0,58,0.0,2.0,2.0,27.55,1607.89,0,60.8,0
CUST525215,1.0,0,1.0,0.0,34,2.0,1.0,1.0,50.47,1711.03,0,42.0,0
CUST536570,1.0,0,1.0,0.0,71,1.0,1.0,3.0,49.74,3530.17,0,24.5,0
CUST501129,1.0,0,0.0,0.0,16,0.0,1.0,3.0,56.5,908.94,0,52.3,0
CUST431675,0.0,0,1.0,0.0,61,0.0,2.0,2.0,26.23,1605.02,0,61.9,0
CUST254078,1.0,0,0.0,1.0,26,1.0,1.0,0.0,49.82,1306.82,0,76.2,0
CUST101040,1.0,0,1.0,0.0,0,0.0,1.0,0.0,55.93,1.71,0,58.3,0
CUST340581,0.0,0,0.0,0.0,40,0.0,2.0,2.0,26.28,1046.07,0,74.0,0
CUST460164,0.0,0,0.0,0.0,46,0.0,1.0,3.0,56.16,2581.89,2,49.8,0
CUST442838,1.0,0,0.0,1.0,63,0.0,1.0,3.0,56.9,3592.95,0,28.9,0
CUST255652,1.0,0,1.0,1.0,70,2.0,1.0,0.0,52.09,3636.42,1,40.3,0
CUST455160,1.0,0,0.0,1.0,10,0.0,0.0,3.0,34.4,346.46,0,52.3,0
CUST230505,0.0,0,1.0,0.0,48,1.0,0.0,2.0,30.62,1476.92,0,50.6,0
CUST169950,1.0,1,0.0,0.0,25,0.0,1.0,3.0,70.19,1761.32,0,59.7,0
CUST530547,0.0,0,1.0,0.0,61,1.0,2.0,2.0,21.01,1291.9,0,46.4,0
CUST129454,0.0,0,0.0,0.0,31,1.0,1.0,0.0,50.16,1562.06,0,54.0,0
CUST145408,1.0,0,1.0,0.0,27,0.0,1.0,2.0,54.48,1474.26,0,64.4,0
CUST507335,1.0,0,0.0,0.0,66,0.0,0.0,2.0,36.85,2443.97,0,47.1,0
CUST225007,1.0,0,0.0,0.0,12,0.0,0.0,0.0,35.98,436.36,0,90.9,0
CUST376225,1.0,0,1.0,0.0,50,1.0,2.0,2.0,22.28,1109.89,2,73.2,0
CUST149852,0.0,0,0.0,0.0,7,1.0,1.0,3.0,50.16,356.9,1,56.0,0
CUST398828,1.0,0,1.0,1.0,38,2.0,0.0,0.0,29.95,1130.48,1,66.5,0
CUST549433,1.0,0,0.0,0.0,38,1.0,1.0,1.0,54.87,2088.91,0,89.0,0
CUST281278,1.0,1,0.0,0.0,37,1.0,2.0,3.0,34.73,1289.53,0,63.0,0
CUST419736,1.0,0,0.0,0.0,38,2.0,1.0,0.0,49.67,1907.0,0,69.4,0
CUST488733,1.0,0,1.0,1.0,9,0.0,0.0,0.0,35.85,328.62,0,78.7,0
CUST232704,0.0,0,1.0,0.0,15,0.0,2.0,2.0,24.74,364.17,0,94.8,0
CUST574162,1.0,0,1.0,0.0,33,1.0,1.0,1.0,50.57,1674.91,0,77.3,0
CUST557179,0.0,0,1.0,0.0,45,0.0,2.0,1.0,29.09,1314.22,0,41.4,0
CUST267512,1.0,0,1.0,0.0,52,2.0,0.0,2.0,31.75,1651.53,0,81.9,0
CUST401118,1.0,0,0.0,0.0,62,0.0,1.0,0.0,55.97,3468.26,1,47.8,0
CUST488552,0.0,0,1.0,0.0,12,0.0,2.0,3.0,25.35,301.2,0,37.2,0
CUST255723,1.0,0,1.0,0.0,28,1.0,2.0,1.0,20.55,587.25,1,72.2,0
CUST467268,0.0,1,0.0,0.0,51,0.0,1.0,2.0,70.71,3604.47,0,43.3,0
CUST177692,0.0,0,0.0,0.0,53,0.0,0.0,2.0,36.62,1955.04,0,44.7,1
CUST182720,0.0,0,1.0,0.0,44,1.0,1.0,3.0,49.45,2178.38,0,53.7,0
CUST436690,0.0,0,0.0,0.0,35,0.0,2.0,0.0,25.18,888.84,0,55.4,0
CUST362305,0.0,0,0.0,0.0,31,1.0,1.0,0.0,51.0,1600.31,0,60.2,0
CUST370949,0.0,0,1.0,0.0,44,0.0,1.0,3.0,55.83,2444.26,0,66.0,0
CUST159662,1.0,1,1.0,0.0,58,1.0,0.0,1.0,44.51,2572.88,0,74.9,0
CUST520584,0.0,0,1.0,1.0,41,1.0,0.0,1.0,30.78,1264.07,1,44.9,0
CUST158387,0.0,0,1.0,0.0,38,0.0,0.0,0.0,35.71,1345.6,0,50.2,0
CUST525702,1.0,0,0.0,0.0,54,1.0,2.0,2.0,20.14,1101.02,0,54.9,0
CUST336366,0.0,1,0.0,0.0,28,1.0,0.0,1.0,45.5,1280.21,0,64.6,0
CUST432896,1.0,0,0.0,0.0,38,1.0,0.0,2.0,30.48,1165.56,0,68.1,0
CUST232440,1.0,0,1.0,1.0,48,0.0,1.0,3.0,56.07,2682.63,0,48.8,0
CUST292352,0.0,0,0.0,0.0,68,1.0,1.0,2.0,51.91,3525.76,0,34.4,0
CUST355031,1.0,0,0.0,0.0,40,2.0,0.0,1.0,31.35,1254.85,0,25.4,0
CUST528627,0.0,0,1.0,0.0,31,1.0,1.0,2.0,49.72,1535.17,0,50.4,0
CUST448920,1.0,0,0.0,1.0,29,2.0,0.0,2.0,32.15,936.91,0,78.3,0
CUST134204,0.0,0,0.0,0.0,38,1.0,1.0,2.0,50.64,1933.44,0,61.2,0
CUST117840,0.0,0,0.0,0.0,72,0.0,1.0,2.0,55.46,3985.7,0,51.9,0
CUST553766,0.0,0,1.0,1.0,61,1.0,1.0,2.0,50.72,3096.74,0,50.9,0
CUST238562,0.0,0,0.0,0.0,4,1.0,1.0,0.0,53.24,206.92,0,70.6,0
CUST535662,0.0,0,1.0,0.0,71,0.0,2.0,3.0,25.31,1803.59,0,56.0,0
CUST564309,0.0,0,1.0,0.0,16,1.0,0.0,2.0,30.38,483.09,0,36.5,0
CUST142326,0.0,0,0.0,1.0,28,1.0,1.0,2.0,50.1,1403.22,1,35.2,0
CUST291011,1.0,1,0.0,1.0,31,0.0,0.0,1.0,51.56,1595.82,0,50.2,0
CUST462429,0.0,0,0.0,0.0,63,0.0,2.0,1.0,26.6,1696.81,1,29.1,0
CUST175282,0.0,0,1.0,0.0,50,2.0,1.0,3.0,49.97,2494.9,0,49.2,0
CUST533520,0.0,0,1.0,1.0,42,0.0,0.0,1.0,34.24,1432.95,0,55.6,0
CUST554045,0.0,0,0.0,0.0,20,1.0,1.0,0.0,50.43,1013.07,0,81.2,0
CUST595783,0.0,0,0.0,0.0,65,1.0,0.0,2.0,31.72,2068.01,0,35.6,0
CUST190441,1.0,0,0.0,1.0,70,0.0,0.0,0.0,35.62,2496.28,0,42.9,0
CUST511570,1.0,0,0.0,0.0,62,0.0,1.0,3.0,56.78,3516.81,1,44.3,0
CUST292612,0.0,0,0.0,0.0,8,0.0,1.0,1.0,55.46,434.49,0,77.0,0
CUST398474,1.0,0,0.0,0.0,39,0.0,2.0,2.0,25.64,1002.29,0,87.8,0
CUST141737,1.0,0,0.0,1.0,57,0.0,1.0,3.0,54.62,3107.94,0,54.1,0
CUST371275,1.0,1,0.0,0.0,9,0.0,2.0,2.0,40.96,362.36,0,87.6,0
CUST381184,1.0,1,0.0,0.0,52,0.0,0.0,2.0,51.74,2691.73,0,47.9,0
CUST182776,1.0,0,0.0,0.0,25,0.0,1.0,2.0,57.06,1429.36,0,42.1,1
CUST535551,1.0,0,0.0,0.0,65,2.0,0.0,2.0,30.45,1977.23,0,35.8,0
CUST186191,0.0,0,0.0,0.0,15,1.0,2.0,2.0,22.14,337.42,1,69.3,0
CUST387187,0.0,0,1.0,0.0,16,2.0,0.0,0.0,29.64,486.72,0,46.2,0
CUST535197,0.0,0,1.0,1.0,66,0.0,0.0,1.0,34.34,2282.91,0,58.3,0
CUST480856,1.0,0,1.0,0.0,62,0.0,2.0,0.0,25.44,1559.36,0,40.5,0
CUST180526,0.0,0,1.0,0.0,61,1.0,0.0,0.0,31.08,1900.26,0,79.6,0
CUST340260,0.0,0,1.0,0.0,8,0.0,2.0,1.0,24.78,200.9,0,77.7,0
CUST144085,1.0,0,1.0,0.0,64,1.0,2.0,3.0,22.11,1411.77,0,47.9,0
CUST382186,1.0,0,1.0,1.0,12,0.0,2.0,0.0,26.21,311.64,0,87.7,0
CUST150033,0.0,0,1.0,1.0,7,2.0,2.0,2.0,21.56,157.33,0,69.7,0
CUST216301,1.0,0,1.0,1.0,44,1.0,1.0,3.0,52.28,2310.75,1,75.6,0
CUST435263,0.0,0,1.0,1.0,2,2.0,0.0,1.0,32.82,62.13,1,64.1,0
CUST532049,1.0,0,1.0,1.0,5,0.0,0.0,3.0,35.39,174.03,0,75.7,0
CUST293151,1.0,1,0.0,1.0,11,0.0,2.0,1.0,41.41,468.25,0,53.1,0
CUST541681,0.0,0,1.0,1.0,68,0.0,1.0,1.0,55.26,3756.24,0,42.4,0
CUST537642,1.0,0,1.0,1.0,63,2.0,1.0,0.0,49.81,3155.49,0,61.1,0
CUST146890,0.0,0,1.0,1.0,31,0.0,2.0,2.0,29.83,934.59,0,51.1,0
CUST192569,1.0,0,1.0,0.0,14,1.0,0.0,2.0,29.65,428.45,1,39.0,0
CUST521734,1.0,1,1.0,0.0,62,0.0,0.0,2.0,51.86,3209.8,0,67.7,0
CUST134108,1.0,0,0.0,0.0,71,1.0,1.0,2.0,50.18,3569.78,0,31.9,0
CUST260898,1.0,0,0.0,1.0,12,1.0,0.0,3.0,33.29,415.11,0,94.1,0
CUST130093,0.0,0,0.0,0.0,29,0.0,1.0,1.0,54.28,1594.35,1,50.9,0
CUST403980,0.0,0,1.0,1.0,14,0.0,1.0,2.0,56.3,784.82,0,53.3,0
CUST519535,1.0,0,0.0,0.0,16,2.0,1.0,2.0,51.5,812.76,0,52.4,0
CUST269233,1.0,0,0.0,1.0,15,2.0,1.0,1.0,50.81,750.33,0,50.1,0
CUST332152,0.0,0,0.0,0.0,3,2.0,1.0,0.0,52.56,173.15,1,73.5,0
CUST217834,0.0,0,1.0,1.0,48,0.0,0.0,0.0,35.71,1717.89,0,73.2,0
CUST242362,1.0,0,1.0,1.0,23,0.0,1.0,0.0,54.77,1250.12,0,63.0,0
CUST298880,1.0,0,0.0,0.0,22,0.0,2.0,1.0,24.88,556.83,0,40.5,0
CUST597397,1.0,0,1.0,1.0,71,0.0,0.0,2.0,38.87,2754.44,0,71.5,0
CUST212814,0.0,1,1.0,1.0,2,2.0,1.0,1.0,66.66,137.96,0,89.2,0
CUST187537,0.0,0,1.0,0.0,27,0.0,2.0,0.0,26.61,715.24,2,86.2,0
CUST512593,1.0,0,0.0,1.0,16,0.0,1.0,2.0,58.19,921.41,1,66.0,0
CUST279977,1.0,0,1.0,0.0,2,0.0,2.0,0.0,25.47,56.5,0,59.8,0
CUST531242,1.0,0,0.0,0.0,50,1.0,1.0,2.0,49.51,2477.89,1,70.5,0
CUST271776,0.0,0,0.0,1.0,0,2.0,2.0,2.0,20.53,3.01,0,72.5,0
CUST174685,0.0,1,0.0,1.0,40,0.0,1.0,3.0,71.14,2838.67,0,68.2,0
CUST336098,0.0,0,0.0,0.0,51,2.0,1.0,0.0,49.93,2555.9,0,48.6,0
CUST245071,0.0,0,0.0,1.0,62,0.0,1.0,2.0,55.46,3434.19,0,50.8,0
CUST570475,0.0,0,1.0,0.0,0,1.0,0.0,1.0,33.82,6.24,0,60.6,0
CUST395820,0.0,0,1.0,1.0,57,0.0,1.0,0.0,56.08,3206.96,0,32.4,0
CUST457278,0.0,0,0.0,0.0,1,1.0,1.0,2.0,52.23,55.11,0,90.3,0
CUST402629,1.0,0,1.0,0.0,54,1.0,1.0,2.0,48.4,2604.2,0,52.0,1
CUST326412,1.0,1,1.0,0.0,42,2.0,0.0,1.0,46.43,1947.2,0,66.9,0
CUST443419,0.0,0,0.0,0.0,44,1.0,2.0,2.0,23.19,1007.27,0,76.9,0
CUST513756,0.0,1,0.0,0.0,28,0.0,2.0,3.0,41.54,1168.53,1,71.9,0
CUST227665,1.0,0,1.0,1.0,27,1.0,0.0,2.0,34.22,930.26,0,53.1,0
CUST477347,1.0,0,1.0,0.0,25,0.0,1.0,2.0,57.63,1443.9,1,44.2,0
CUST413064,1.0,0,0.0,0.0,68,0.0,2.0,1.0,26.5,1803.75,1,29.3,0
CUST585186,0.0,0,1.0,0.0,58,0.0,1.0,0.0,55.45,3230.92,0,73.6,0
CUST559031,1.0,0,1.0,0.0,57,1.0,2.0,3.0,22.16,1268.59,0,86.5,0
CUST364884,0.0,0,1.0,0.0,46,1.0,2.0,2.0,20.31,934.11,0,73.5,0
CUST538723,0.0,0,1.0,0.0,33,1.0,2.0,3.0,23.37,765.45,0,54.6,0
CUST113889,0.0,0,1.0,0.0,41,0.0,0.0,3.0,35.82,1462.63,1,60.1,0
CUST219739,0.0,0,1.0,0.0,6,1.0,0.0,1.0,29.28,164.92,0,94.0,0
CUST259736,1.0,0,0.0,1.0,4,0.0,1.0,2.0,55.74,217.67,0,85.5,0
CUST243967,1.0,0,0.0,0.0,8,0.0,1.0,3.0,55.42,444.31,0,38.0,0
CUST175187,0.0,0,0.0,1.0,72,0.0,1.0,2.0,56.0,4037.28,1,58.5,0
CUST534402,0.0,0,0.0,0.0,43,2.0,1.0,1.0,50.41,2166.19,0,34.3,0
CUST288636,1.0,1,0.0,0.0,61,1.0,1.0,0.0,67.31,4109.93,0,68.2,0
CUST415296,0.0,0,0.0,0.0,20,2.0,2.0,3.0,20.17,383.83,0,64.4,0
CUST297253,1.0,0,1.0,0.0,1,0.0,1.0,1.0,55.78,79.56,0,61.0,0
CUST201184,1.0,0,1.0,0.0,63,0.0,2.0,3.0,26.82,1675.68,0,37.8,0
CUST326429,0.0,0,1.0,0.0,34,2.0,0.0,0.0,30.49,1034.35,1,32.0,0
CUST288795,1.0,0,0.0,0.0,2,0.0,2.0,0.0,25.86,50.28,0,72.1,0
CUST581144,1.0,0,0.0,1.0,70,0.0,1.0,2.0,54.28,3810.63,0,25.6,0
CUST543234,0.0,0,0.0,1.0,9,0.0,0.0,1.0,38.46,353.19,1,73.9,0
CUST400862,0.0,0,1.0,0.0,8,0.0,1.0,2.0,55.96,453.0,0,62.6,0
CUST596300,1.0,0,1.0,0.0,67,2.0,2.0,0.0,21.31,1423.96,1,70.4,0
CUST396289,0.0,0,0.0,0.0,2,1.0,1.0,1.0,51.39,116.51,0,100.0,0
CUST188831,0.0,1,1.0,0.0,68,1.0,0.0,0.0,48.07,3266.79,0,44.9,0
CUST143938,0.0,0,1.0,0.0,65,1.0,1.0,2.0,47.7,3093.49,0,53.3,0
CUST550974,1.0,1,0.0,0.0,7,0.0,0.0,0.0,50.54,353.24,1,69.6,0
CUST292524,1.0,0,1.0,1.0,55,0.0,0.0,3.0,36.76,2019.87,0,62.2,0
CUST109207,0.0,0,0.0,0.0,13,2.0,1.0,3.0,48.41,634.72,0,88.3,0
CUST340169,1.0,0,0.0,1.0,36,0.0,2.0,0.0,25.51,929.7,0,64.6,0
CUST244166,1.0,0,0.0,1.0,39,0.0,1.0,3.0,56.39,2208.74,1,55.6,0
CUST261706,0.0,0,1.0,0.0,33,0.0,1.0,3.0,54.77,1811.33,1,50.9,0
CUST585083,0.0,0,1.0,0.0,5,2.0,2.0,0.0,20.48,98.7,0,76.7,0
CUST484087,1.0,0,1.0,0.0,44,1.0,1.0,3.0,50.31,2228.59,1,41.7,0
CUST402814,0.0,0,1.0,0.0,10,2.0,2.0,0.0,21.35,201.4,0,42.8,0
CUST593505,0.0,1,1.0,1.0,3,1.0,2.0,2.0,36.48,101.78,1,69.4,0
CUST502291,1.0,0,0.0,0.0,60,1.0,1.0,1.0,51.82,3121.03,1,52.8,0
CUST291328,1.0,0,1.0,1.0,59,0.0,0.0,3.0,36.17,2131.63,0,37.2,0
CUST362830,0.0,0,1.0,0.0,18,2.0,0.0,1.0,28.43,507.43,0,73.4,0
CUST345447,0.0,1,0.0,0.0,57,0.0,1.0,0.0,71.96,4110.74,0,64.1,0
CUST247088,0.0,0,1.0,0.0,8,0.0,1.0,0.0,59.15,465.74,0,68.0,0
CUST266313,0.0,0,1.0,0.0,69,0.0,2.0,0.0,29.38,2038.37,0,27.6,0
CUST194340,0.0,0,1.0,0.0,63,0.0,0.0,0.0,35.5,2236.1,1,70.0,0
CUST426344,1.0,0,1.0,1.0,44,0.0,1.0,0.0,56.93,2506.86,0,55.5,0
CUST383508,0.0,1,1.0,0.0,56,0.0,0.0,1.0,53.22,2971.93,0,24.3,0
CUST191093,1.0,0,1.0,1.0,49,2.0,2.0,3.0,23.05,1125.39,0,22.3,0
CUST415127,1.0,0,1.0,1.0,39,0.0,1.0,3.0,56.56,2211.99,0,72.1,0
CUST536403,1.0,0,1.0,1.0,54,0.0,1.0,0.0,53.86,2889.3,0,71.7,0
CUST286119,0.0,0,0.0,1.0,10,0.0,2.0,2.0,23.91,234.19,0,71.9,0
CUST574623,0.0,0,1.0,1.0,49,0.0,1.0,2.0,56.35,2769.12,0,39.9,0
CUST400846,1.0,0,0.0,0.0,3,2.0,0.0,2.0,29.82,69.47,0,65.2,0
CUST318742,0.0,0,0.0,1.0,68,0.0,1.0,3.0,54.96,3725.33,0,59.3,0
CUST176801,0.0,0,1.0,0.0,48,2.0,2.0,0.0,21.03,1017.5,0,67.1,0
CUST393980,0.0,0,1.0,1.0,44,1.0,0.0,0.0,30.68,1354.5,0,40.7,0
CUST113885,0.0,0,1.0,1.0,11,0.0,1.0,3.0,57.35,613.7,1,51.0,0
CUST460537,0.0,0,1.0,0.0,2,2.0,2.0,2.0,21.54,43.96,0,77.9,0
CUST585544,0.0,0,0.0,0.0,34,1.0,0.0,2.0,32.42,1103.26,1,72.5,0
CUST367772,1.0,0,1.0,1.0,39,1.0,1.0,3.0,52.89,2047.44,0,60.1,0
CUST142139,0.0,0,0.0,0.0,32,0.0,1.0,2.0,58.05,1852.61,0,56.9,0
CUST304307,1.0,0,1.0,0.0,32,0.0,1.0,1.0,56.58,1809.42,0,84.4,0
CUST243100,1.0,0,0.0,0.0,47,1.0,2.0,2.0,19.17,903.39,1,57.9,0
CUST258190,1.0,0,0.0,0.0,67,0.0,1.0,0.0,55.83,3745.18,0,54.1,0
CUST408115,0.0,0,1.0,0.0,22,2.0,1.0,2.0,49.75,1099.4,0,71.3,0
CUST161834,1.0,0,1.0,1.0,54,0.0,0.0,1.0,35.17,1894.46,0,52.7,0
CUST487470,0.0,0,0.0,0.0,23,1.0,0.0,3.0,31.6,725.46,0,67.9,0
CUST389550,0.0,0,1.0,0.0,10,0.0,0.0,2.0,37.13,383.7,0,69.8,0
CUST308023,0.0,0,0.0,0.0,13,0.0,1.0,2.0,55.89,725.34,1,73.2,0
CUST155744,1.0,0,1.0,0.0,13,0.0,2.0,1.0,23.92,306.19,1,70.5,0
CUST287363,0.0,0,0.0,0.0,65,0.0,1.0,2.0,56.16,3661.88,0,43.8,0
CUST434074,1.0,0,0.0,0.0,41,1.0,2.0,0.0,20.04,830.18,0,45.1,0
CUST268536,0.0,0,0.0,0.0,69,0.0,0.0,2.0,34.4,2366.39,0,51.6,0
CUST281795,1.0,0,1.0,0.0,22,0.0,0.0,0.0,34.43,762.13,0,43.5,0
CUST480035,1.0,0,0.0,0.0,26,0.0,2.0,1.0,25.39,654.08,0,69.5,0
CUST374658,1.0,1,0.0,0.0,34,0.0,2.0,0.0,41.23,1408.76,0,66.4,0
CUST514861,0.0,0,0.0,0.0,28,2.0,1.0,1.0,50.55,1401.92,0,70.5,0
CUST191825,1.0,1,0.0,0.0,40,0.0,0.0,0.0,50.21,1999.35,1,32.1,0
CUST282842,0.0,0,0.0,1.0,64,1.0,0.0,2.0,28.11,1781.46,0,65.6,0
CUST595104,0.0,0,0.0,0.0,28,0.0,1.0,0.0,54.45,1514.76,0,76.7,0
CUST425338,1.0,0,1.0,0.0,3,0.0,1.0,3.0,53.97,172.08,0,90.3,0
CUST101491,1.0,0,1.0,0.0,51,0.0,0.0,2.0,36.96,1881.52,0,48.8,0
CUST481022,0.0,0,0.0,0.0,10,0.0,0.0,3.0,34.97,350.25,0,72.2,0
CUST232733,1.0,0,1.0,0.0,55,0.0,0.0,0.0,34.23,1869.74,0,26.9,0
CUST471339,1.0,0,1.0,0.0,19,0.0,2.0,0.0,25.02,480.62,0,68.3,0
CUST590900,0.0,0,0.0,0.0,38,0.0,0.0,1.0,35.91,1360.2,0,54.2,0
CUST469273,1.0,0,1.0,0.0,62,2.0,2.0,0.0,21.15,1328.16,0,51.2,0
CUST283537,1.0,1,1.0,0.0,65,1.0,1.0,3.0,67.11,4355.85,0,38.9,0
CUST154365,0.0,0,0.0,0.0,33,0.0,0.0,2.0,35.96,1191.12,1,31.4,1
CUST302760,1.0,1,0.0,0.0,58,1.0,1.0,2.0,63.56,3693.8,0,57.8,0
CUST215692,0.0,0,0.0,0.0,25,0.0,1.0,2.0,58.27,1460.45,0,54.2,0
CUST549655,1.0,0,1.0,0.0,5,0.0,1.0,3.0,56.45,277.79,0,73.6,0
CUST113259,1.0,0,0.0,0.0,41,1.0,1.0,3.0,51.42,2127.34,0,67.4,0
CUST312410,1.0,0,1.0,0.0,69,2.0,2.0,1.0,20.92,1441.45,0,52.2,0
CUST350593,0.0,0,1.0,0.0,65,0.0,1.0,2.0,55.59,3619.84,0,43.3,0
CUST226562,1.0,0,0.0,1.0,58,1.0,0.0,2.0,30.89,1802.74,0,42.5,0
CUST378384,1.0,0,0.0,0.0,51,0.0,0.0,2.0,36.29,1856.6,0,24.4,0
CUST292370,0.0,0,0.0,0.0,43,0.0,0.0,1.0,37.05,1583.67,0,55.2,0
CUST277950,0.0,0,0.0,0.0,7,1.0,1.0,2.0,51.62,357.91,0,87.1,0
CUST250671,0.0,0,0.0,0.0,6,2.0,2.0,2.0,22.13,124.59,1,69.3,0
CUST593609,0.0,0,1.0,0.0,1,1.0,2.0,1.0,18.98,17.81,0,64.1,0
CUST133156,1.0,0,1.0,1.0,69,0.0,0.0,3.0,36.77,2536.73,0,47.6,0
CUST426736,0.0,0,1.0,1.0,46,2.0,1.0,0.0,50.19,2302.83,0,40.8,0
CUST180822,0.0,1,0.0,0.0,41,1.0,1.0,0.0,65.8,2704.91,1,46.1,0
CUST584341,1.0,0,0.0,1.0,23,1.0,0.0,2.0,32.79,754.4,1,70.1,0
CUST393307,1.0,0,0.0,0.0,68,2.0,1.0,0.0,53.89,3664.77,0,50.6,0
CUST513086,0.0,0,0.0,1.0,6,1.0,2.0,2.0,21.82,130.33,0,92.3,0
CUST520206,0.0,0,0.0,0.0,12,1.0,2.0,3.0,21.32,245.04,0,61.0,0
CUST236525,0.0,0,0.0,0.0,18,1.0,0.0,1.0,34.08,612.7,0,44.2,0
CUST420881,0.0,1,0.0,1.0,53,0.0,0.0,0.0,51.76,2737.89,0,50.3,0
CUST336915,1.0,0,1.0,0.0,8,0.0,0.0,1.0,34.67,278.02,0,88.1,0
CUST576625,0.0,0,1.0,1.0,5,1.0,2.0,2.0,23.08,108.17,0,89.9,0
CUST559710,0.0,0,0.0,1.0,13,0.0,1.0,2.0,58.45,774.64,0,97.1,0
CUST439207,0.0,0,1.0,1.0,22,1.0,1.0,1.0,54.42,1206.62,0,53.9,0
CUST579312,0.0,0,0.0,0.0,35,0.0,2.0,2.0,26.09,909.23,0,92.4,0
CUST239137,1.0,0,0.0,0.0,22,0.0,1.0,1.0,54.29,1196.02,1,52.8,0
CUST190791,1.0,0,1.0,0.0,23,0.0,1.0,1.0,55.54,1282.28,0,83.7,0
CUST465781,0.0,0,0.0,0.0,29,0.0,2.0,0.0,25.04,718.63,0,67.8,0
CUST201355,0.0,0,1.0,1.0,9,2.0,0.0,3.0,30.13,274.71,1,75.7,0
CUST161646,1.0,0,0.0,0.0,34,2.0,2.0,0.0,24.27,822.93,0,23.9,0
CUST563109,0.0,0,0.0,1.0,44,0.0,2.0,2.0,25.95,1126.55,0,50.0,0
CUST561787,0.0,0,1.0,1.0,3,0.0,1.0,1.0,54.23,148.42,1,79.9,0
CUST528585,0.0,0,1.0,0.0,19,0.0,0.0,1.0,37.95,728.55,0,75.3,0
CUST419699,1.0,0,0.0,0.0,8,0.0,1.0,0.0,60.74,489.67,0,59.9,0
CUST553186,1.0,0,0.0,0.0,59,0.0,2.0,0.0,26.31,1538.61,0,53.2,0
CUST263611,0.0,0,0.0,0.0,70,0.0,1.0,1.0,57.3,4005.7,0,84.3,0
CUST221832,1.0,0,1.0,0.0,36,0.0,0.0,1.0,36.68,1338.24,0,55.8,0
CUST289039,1.0,0,0.0,0.0,27,2.0,1.0,1.0,50.02,1358.12,0,45.6,0
CUST561800,1.0,0,0.0,0.0,63,2.0,2.0,0.0,20.44,1290.18,0,39.8,0
CUST224884,0.0,0,1.0,0.0,16,2.0,1.0,0.0,48.85,787.93,0,97.0,0
CUST296421,0.0,1,1.0,1.0,32,0.0,2.0,2.0,40.65,1310.66,1,60.9,0
CUST191277,0.0,0,1.0,0.0,64,0.0,0.0,2.0,37.44,2401.38,0,31.6,0
CUST203443,0.0,0,0.0,1.0,52,0.0,1.0,0.0,57.57,2991.89,1,66.1,0
CUST172563,1.0,0,1.0,0.0,62,0.0,2.0,2.0,24.75,1518.5,0,38.1,1
